timestamp,temperature,humidity,motion,lux,is_anomaly
2026-01-01 00:00:00,21.12,36.1,0,20.9,0
2026-01-01 00:05:00,20.63,35.7,0,0.0,0
2026-01-01 00:10:00,21.39,37.9,0,12.9,0
2026-01-01 00:15:00,21.51,37.5,0,0.0,0
2026-01-01 00:20:00,20.39,34.2,0,4.5,0
2026-01-01 00:25:00,20.7,39.3,0,0.0,0
2026-01-01 00:30:00,21.31,36.9,0,24.7,0
2026-01-01 00:35:00,21.18,34.9,0,0.0,0
2026-01-01 00:40:00,21.34,39.5,0,39.5,0
2026-01-01 00:45:00,21.05,38.4,0,0.0,0
2026-01-01 00:50:00,21.78,34.7,0,0.0,0
2026-01-01 00:55:00,21.79,40.8,1,52.1,0
2026-01-01 01:00:00,21.54,38.6,0,3.1,0
2026-01-01 01:05:00,22.01,37.3,0,63.2,0
2026-01-01 01:10:00,21.79,40.6,0,43.6,0
2026-01-01 01:15:00,21.3,37.7,0,0.0,0
2026-01-01 01:20:00,21.83,37.4,0,6.5,0
2026-01-01 01:25:00,21.34,36.2,0,13.8,0
2026-01-01 01:30:00,22.12,38.8,0,57.2,0
2026-01-01 01:35:00,21.79,38.6,0,25.8,0
2026-01-01 01:40:00,21.77,37.8,0,19.3,0
2026-01-01 01:45:00,21.61,36.2,0,9.5,0
2026-01-01 01:50:00,22.41,38.2,0,15.4,0
2026-01-01 01:55:00,21.9,37.8,0,57.6,0
2026-01-01 02:00:00,21.83,35.4,0,20.2,0
2026-01-01 02:05:00,21.9,35.2,0,9.9,0
2026-01-01 02:10:00,22.29,39.4,0,6.6,0
2026-01-01 02:15:00,22.26,33.1,0,8.7,0
2026-01-01 02:20:00,22.31,38.9,0,0.0,0
2026-01-01 02:25:00,22.35,37.6,0,6.5,0
2026-01-01 02:30:00,23.07,41.3,0,75.9,0
2026-01-01 02:35:00,22.09,37.8,0,26.8,0
2026-01-01 02:40:00,22.08,40.2,0,56.2,0
2026-01-01 02:45:00,21.99,38.2,0,0.0,0
2026-01-01 02:50:00,22.6,39.3,0,56.5,0
2026-01-01 02:55:00,22.83,40.7,0,36.8,0
2026-01-01 03:00:00,22.37,38.4,0,29.5,0
2026-01-01 03:05:00,22.11,41.5,0,51.7,0
2026-01-01 03:10:00,22.14,37.6,0,33.8,0
2026-01-01 03:15:00,22.76,40.3,0,0.0,0
2026-01-01 03:20:00,22.83,41.7,0,81.2,0
2026-01-01 03:25:00,22.78,41.3,1,63.4,0
2026-01-01 03:30:00,22.32,44.0,0,49.3,0
2026-01-01 03:35:00,22.71,38.7,0,32.3,0
2026-01-01 03:40:00,22.68,37.7,0,19.9,0
2026-01-01 03:45:00,22.75,38.6,0,73.4,0
2026-01-01 03:50:00,23.04,42.0,0,117.8,0
2026-01-01 03:55:00,22.8,41.8,0,78.3,0
2026-01-01 04:00:00,23.0,41.2,1,33.5,0
2026-01-01 04:05:00,22.78,38.9,0,84.6,0
2026-01-01 04:10:00,22.89,42.8,0,79.1,0
2026-01-01 04:15:00,23.05,39.0,0,109.6,0
2026-01-01 04:20:00,22.23,43.9,1,104.8,0
2026-01-01 04:25:00,22.7,47.5,0,0.0,0
2026-01-01 04:30:00,22.66,42.7,0,109.0,0
2026-01-01 04:35:00,22.61,43.3,0,65.5,0
2026-01-01 04:40:00,22.77,41.3,0,56.0,0
2026-01-01 04:45:00,23.49,38.8,0,96.1,0
2026-01-01 04:50:00,22.56,41.4,0,117.2,0
2026-01-01 04:55:00,23.31,40.6,0,58.8,0
2026-01-01 05:00:00,22.26,40.0,0,132.3,0
2026-01-01 05:05:00,22.81,46.5,1,137.2,0
2026-01-01 05:10:00,23.02,43.8,0,118.9,0
2026-01-01 05:15:00,23.2,44.2,1,94.7,0
2026-01-01 05:20:00,23.25,43.0,0,94.6,0
2026-01-01 05:25:00,23.29,43.4,0,158.0,0
2026-01-01 05:30:00,22.84,45.9,0,85.1,0
2026-01-01 05:35:00,22.8,44.1,0,941.5,1
2026-01-01 05:40:00,23.34,45.4,0,132.0,0
2026-01-01 05:45:00,22.92,44.1,0,137.3,0
2026-01-01 05:50:00,22.49,44.0,0,92.2,0
2026-01-01 05:55:00,22.55,42.0,0,142.3,0
2026-01-01 06:00:00,22.63,41.0,1,168.4,0
2026-01-01 06:05:00,23.2,44.7,0,113.2,0
2026-01-01 06:10:00,23.06,45.5,0,171.5,0
2026-01-01 06:15:00,23.27,43.0,0,162.5,0
2026-01-01 06:20:00,22.82,45.6,0,143.8,0
2026-01-01 06:25:00,23.05,46.0,0,192.0,0
2026-01-01 06:30:00,23.23,41.7,0,103.5,0
2026-01-01 06:35:00,22.85,44.4,0,183.2,0
2026-01-01 06:40:00,23.15,47.2,0,224.6,0
2026-01-01 06:45:00,22.7,47.3,0,222.5,0
2026-01-01 06:50:00,22.81,44.4,0,194.2,0
2026-01-01 06:55:00,22.79,47.2,0,176.6,0
2026-01-01 07:00:00,22.45,49.1,0,169.7,0
2026-01-01 07:05:00,23.11,48.8,0,182.9,0
2026-01-01 07:10:00,22.72,47.2,0,211.4,0
2026-01-01 07:15:00,22.9,46.6,0,174.0,0
2026-01-01 07:20:00,23.07,46.5,0,224.0,0
2026-01-01 07:25:00,23.04,48.8,0,268.4,0
2026-01-01 07:30:00,23.11,48.5,0,205.5,0
2026-01-01 07:35:00,22.79,49.5,0,1184.7,1
2026-01-01 07:40:00,22.64,48.6,1,173.1,0
2026-01-01 07:45:00,22.76,50.2,0,239.6,0
2026-01-01 07:50:00,22.1,48.9,1,217.5,0
2026-01-01 07:55:00,22.17,50.4,0,248.5,0
2026-01-01 08:00:00,22.2,50.7,1,209.0,0
2026-01-01 08:05:00,22.31,47.5,0,252.7,0
2026-01-01 08:10:00,22.85,45.7,0,225.8,0
2026-01-01 08:15:00,22.3,52.5,0,211.4,0
2026-01-01 08:20:00,22.49,50.1,0,224.0,0
2026-01-01 08:25:00,23.13,46.3,0,202.8,0
2026-01-01 08:30:00,22.44,48.4,1,301.0,0
2026-01-01 08:35:00,22.85,51.6,0,241.0,0
2026-01-01 08:40:00,22.16,49.6,0,265.8,0
2026-01-01 08:45:00,22.42,49.3,1,232.8,0
2026-01-01 08:50:00,22.09,53.2,0,219.8,0
2026-01-01 08:55:00,22.31,48.4,0,246.7,0
2026-01-01 09:00:00,22.75,49.1,1,289.1,0
2026-01-01 09:05:00,21.69,51.2,0,242.7,0
2026-01-01 09:10:00,22.52,51.7,0,234.5,0
2026-01-01 09:15:00,22.41,52.0,0,267.4,0
2026-01-01 09:20:00,22.05,53.0,0,279.9,0
2026-01-01 09:25:00,21.67,51.6,1,316.3,0
2026-01-01 09:30:00,22.25,52.3,0,279.6,0
2026-01-01 09:35:00,21.97,50.9,0,290.3,0
2026-01-01 09:40:00,22.24,51.7,0,294.5,0
2026-01-01 09:45:00,22.12,51.9,0,240.1,0
2026-01-01 09:50:00,22.72,52.2,0,247.6,0
2026-01-01 09:55:00,21.94,53.4,1,245.7,0
2026-01-01 10:00:00,21.59,53.0,0,239.9,0
2026-01-01 10:05:00,22.03,52.1,0,305.4,0
2026-01-01 10:10:00,22.01,50.5,0,291.8,0
2026-01-01 10:15:00,22.43,52.3,1,286.9,0
2026-01-01 10:20:00,22.18,52.2,0,208.2,0
2026-01-01 10:25:00,21.95,52.7,0,349.0,0
2026-01-01 10:30:00,22.35,56.8,0,261.8,0
2026-01-01 10:35:00,21.25,51.4,1,351.4,0
2026-01-01 10:40:00,21.43,53.4,0,247.5,0
2026-01-01 10:45:00,21.27,54.7,0,267.7,0
2026-01-01 10:50:00,21.45,52.8,0,227.0,0
2026-01-01 10:55:00,21.01,57.4,0,304.9,0
2026-01-01 11:00:00,21.77,52.0,0,261.9,0
2026-01-01 11:05:00,21.39,53.4,0,263.5,0
2026-01-01 11:10:00,20.84,51.2,0,255.3,0
2026-01-01 11:15:00,20.98,52.1,0,320.4,0
2026-01-01 11:20:00,21.47,53.4,0,319.1,0
2026-01-01 11:25:00,21.64,54.6,1,352.6,0
2026-01-01 11:30:00,22.06,53.6,0,278.1,0
2026-01-01 11:35:00,22.38,55.5,0,305.7,0
2026-01-01 11:40:00,21.34,52.8,1,260.7,0
2026-01-01 11:45:00,20.73,52.3,0,289.6,0
2026-01-01 11:50:00,20.23,58.4,0,284.3,0
2026-01-01 11:55:00,21.15,53.8,0,313.9,0
2026-01-01 12:00:00,20.67,51.6,0,330.5,0
2026-01-01 12:05:00,20.79,51.6,0,329.7,0
2026-01-01 12:10:00,20.67,51.1,0,274.6,0
2026-01-01 12:15:00,20.81,54.9,0,329.6,0
2026-01-01 12:20:00,21.25,52.2,0,1192.4,1
2026-01-01 12:25:00,20.85,53.2,0,289.4,0
2026-01-01 12:30:00,20.68,52.8,0,277.5,0
2026-01-01 12:35:00,20.28,54.4,0,281.5,0
2026-01-01 12:40:00,19.98,51.2,0,350.0,0
2026-01-01 12:45:00,20.42,50.7,1,306.3,0
2026-01-01 12:50:00,20.55,53.3,0,301.7,0
2026-01-01 12:55:00,21.23,54.0,0,287.8,0
2026-01-01 13:00:00,20.53,53.4,0,368.3,0
2026-01-01 13:05:00,20.83,51.1,0,333.2,0
2026-01-01 13:10:00,20.2,54.0,0,271.4,0
2026-01-01 13:15:00,19.88,51.1,0,283.8,0
2026-01-01 13:20:00,19.93,51.5,0,284.5,0
2026-01-01 13:25:00,19.99,50.6,1,294.2,0
2026-01-01 13:30:00,21.09,55.0,1,267.5,0
2026-01-01 13:35:00,19.87,53.6,0,300.5,0
2026-01-01 13:40:00,20.49,53.5,0,329.5,0
2026-01-01 13:45:00,19.75,54.7,0,245.1,0
2026-01-01 13:50:00,20.45,57.7,0,249.2,0
2026-01-01 13:55:00,20.19,48.6,0,267.0,0
2026-01-01 14:00:00,19.94,50.5,0,266.8,0
2026-01-01 14:05:00,19.95,50.6,0,338.2,0
2026-01-01 14:10:00,19.66,50.0,0,306.6,0
2026-01-01 14:15:00,20.07,49.5,0,303.1,0
2026-01-01 14:20:00,19.67,51.0,0,264.9,0
2026-01-01 14:25:00,19.33,49.0,0,262.4,0
2026-01-01 14:30:00,19.27,52.0,0,225.5,0
2026-01-01 14:35:00,19.82,51.3,0,290.4,0
2026-01-01 14:40:00,20.35,52.1,0,279.6,0
2026-01-01 14:45:00,19.75,52.0,0,1004.8,1
2026-01-01 14:50:00,19.6,52.1,0,254.3,0
2026-01-01 14:55:00,19.73,50.0,0,254.1,0
2026-01-01 15:00:00,20.11,54.9,0,261.2,0
2026-01-01 15:05:00,19.64,51.0,1,280.5,0
2026-01-01 15:10:00,19.36,46.7,0,207.2,0
2026-01-01 15:15:00,19.94,48.3,0,271.0,0
2026-01-01 15:20:00,19.64,46.7,0,245.8,0
2026-01-01 15:25:00,20.05,50.0,0,212.1,0
2026-01-01 15:30:00,19.49,49.6,1,178.8,0
2026-01-01 15:35:00,18.9,48.8,0,234.6,0
2026-01-01 15:40:00,18.81,53.6,0,279.5,0
2026-01-01 15:45:00,20.0,50.5,0,283.6,0
2026-01-01 15:50:00,20.0,50.8,0,241.3,0
2026-01-01 15:55:00,19.22,47.3,0,286.7,0
2026-01-01 16:00:00,19.11,47.0,0,223.7,0
2026-01-01 16:05:00,19.83,48.9,0,250.7,0
2026-01-01 16:10:00,18.78,49.0,0,205.7,0
2026-01-01 16:15:00,18.85,44.8,0,200.9,0
2026-01-01 16:20:00,19.44,48.0,1,193.1,0
2026-01-01 16:25:00,19.01,48.3,1,148.6,0
2026-01-01 16:30:00,19.15,47.6,1,246.0,0
2026-01-01 16:35:00,19.07,46.3,0,185.1,0
2026-01-01 16:40:00,19.26,46.7,0,177.3,0
2026-01-01 16:45:00,19.67,47.2,0,162.8,0
2026-01-01 16:50:00,19.13,47.6,0,189.0,0
2026-01-01 16:55:00,19.34,48.4,0,244.9,0
2026-01-01 17:00:00,18.25,49.2,0,251.6,0
2026-01-01 17:05:00,19.04,46.3,0,135.8,0
2026-01-01 17:10:00,18.71,45.8,0,171.8,0
2026-01-01 17:15:00,18.55,47.4,0,148.2,0
2026-01-01 17:20:00,18.68,47.6,0,205.7,0
2026-01-01 17:25:00,18.89,45.3,0,181.4,0
2026-01-01 17:30:00,19.38,47.6,1,150.5,0
2026-01-01 17:35:00,18.48,47.8,0,168.5,0
2026-01-01 17:40:00,19.02,48.3,0,148.8,0
2026-01-01 17:45:00,18.81,49.1,0,208.2,0
2026-01-01 17:50:00,18.87,43.6,0,173.0,0
2026-01-01 17:55:00,19.4,45.2,0,173.4,0
2026-01-01 18:00:00,19.22,45.0,0,70.0,0
2026-01-01 18:05:00,19.54,44.6,0,144.7,0
2026-01-01 18:10:00,18.94,43.4,0,206.0,0
2026-01-01 18:15:00,18.73,41.5,0,180.0,0
2026-01-01 18:20:00,18.92,44.5,1,81.5,0
2026-01-01 18:25:00,19.11,42.6,0,124.3,0
2026-01-01 18:30:00,19.09,44.1,0,94.4,0
2026-01-01 18:35:00,18.59,42.2,0,178.5,0
2026-01-01 18:40:00,19.07,41.4,0,131.3,0
2026-01-01 18:45:00,19.13,43.9,0,97.7,1
2026-01-01 18:50:00,20.05,43.6,0,118.6,0
2026-01-01 18:55:00,19.81,88.6,0,36.1,1
2026-01-01 19:00:00,18.73,47.3,0,78.6,0
2026-01-01 19:05:00,18.96,43.3,1,109.1,0
2026-01-01 19:10:00,18.51,43.6,0,130.3,0
2026-01-01 19:15:00,18.87,40.3,0,43.5,0
2026-01-01 19:20:00,19.25,39.7,1,87.3,0
2026-01-01 19:25:00,19.62,45.3,0,125.9,0
2026-01-01 19:30:00,18.86,40.1,0,49.1,0
2026-01-01 19:35:00,18.91,39.7,0,96.5,0
2026-01-01 19:40:00,18.33,41.5,1,88.6,0
2026-01-01 19:45:00,19.14,41.3,0,135.1,0
2026-01-01 19:50:00,18.8,39.5,1,73.8,0
2026-01-01 19:55:00,19.03,40.5,0,72.7,0
2026-01-01 20:00:00,18.92,43.5,0,100.6,0
2026-01-01 20:05:00,19.25,39.2,1,32.4,0
2026-01-01 20:10:00,18.61,37.9,1,62.8,0
2026-01-01 20:15:00,18.75,42.4,1,53.0,0
2026-01-01 20:20:00,20.21,41.4,0,59.8,0
2026-01-01 20:25:00,18.87,39.0,0,86.8,0
2026-01-01 20:30:00,18.97,37.0,0,75.3,0
2026-01-01 20:35:00,20.17,38.5,0,33.7,0
2026-01-01 20:40:00,20.63,39.7,0,57.7,0
2026-01-01 20:45:00,19.03,42.1,0,95.8,0
2026-01-01 20:50:00,19.38,37.5,0,23.7,0
2026-01-01 20:55:00,19.69,39.3,0,50.6,0
2026-01-01 21:00:00,20.28,40.7,0,38.1,0
2026-01-01 21:05:00,19.22,34.5,0,39.8,0
2026-01-01 21:10:00,19.55,41.2,0,0.0,0
2026-01-01 21:15:00,19.99,36.6,0,79.5,0
2026-01-01 21:20:00,19.89,39.5,0,11.9,0
2026-01-01 21:25:00,19.6,39.3,1,63.8,0
2026-01-01 21:30:00,19.73,40.8,0,12.4,0
2026-01-01 21:35:00,19.27,39.7,1,10.3,0
2026-01-01 21:40:00,19.76,33.7,0,63.5,0
2026-01-01 21:45:00,19.78,36.8,0,55.1,0
2026-01-01 21:50:00,20.02,38.5,0,29.8,0
2026-01-01 21:55:00,19.74,91.1,0,44.6,1
2026-01-01 22:00:00,20.19,39.0,0,11.4,0
2026-01-01 22:05:00,20.44,39.6,0,18.2,0
2026-01-01 22:10:00,20.14,39.1,0,0.0,0
2026-01-01 22:15:00,20.26,37.4,0,42.6,0
2026-01-01 22:20:00,20.18,34.1,0,0.0,0
2026-01-01 22:25:00,20.19,36.8,0,57.3,0
2026-01-01 22:30:00,19.95,38.4,0,1.9,0
2026-01-01 22:35:00,20.4,35.4,1,10.8,0
2026-01-01 22:40:00,20.28,38.7,0,31.8,0
2026-01-01 22:45:00,21.19,39.2,0,8.7,0
2026-01-01 22:50:00,21.03,37.6,0,0.0,0
2026-01-01 22:55:00,20.59,31.2,0,5.1,0
2026-01-01 23:00:00,20.18,34.7,0,31.9,0
2026-01-01 23:05:00,20.08,41.0,1,0.0,0
2026-01-01 23:10:00,21.04,36.1,0,0.0,0
2026-01-01 23:15:00,20.71,33.2,0,3.2,0
2026-01-01 23:20:00,20.84,39.6,0,28.2,0
2026-01-01 23:25:00,20.0,37.1,0,0.0,0
2026-01-01 23:30:00,21.11,39.3,0,55.5,0
2026-01-01 23:35:00,20.96,37.6,0,0.0,0
2026-01-01 23:40:00,20.38,37.9,0,0.0,0
2026-01-01 23:45:00,20.68,37.7,1,0.0,0
2026-01-01 23:50:00,21.02,38.4,0,0.0,0
2026-01-01 23:55:00,20.98,41.6,0,0.0,0
2026-01-02 00:00:00,20.88,38.9,0,0.0,0
2026-01-02 00:05:00,21.0,33.8,0,34.1,0
2026-01-02 00:10:00,20.99,37.9,0,0.0,0
2026-01-02 00:15:00,21.19,39.3,0,0.0,0
2026-01-02 00:20:00,21.76,39.4,0,37.4,0
2026-01-02 00:25:00,20.19,36.2,0,47.4,0
2026-01-02 00:30:00,21.17,39.4,0,38.9,0
2026-01-02 00:35:00,21.37,38.9,0,0.0,0
2026-01-02 00:40:00,21.47,42.3,0,0.0,0
2026-01-02 00:45:00,21.24,35.7,0,57.3,0
2026-01-02 00:50:00,20.73,36.2,0,10.8,0
2026-01-02 00:55:00,21.61,36.6,0,0.0,0
2026-01-02 01:00:00,22.21,36.3,0,26.7,0
2026-01-02 01:05:00,20.95,35.5,0,36.2,0
2026-01-02 01:10:00,21.95,31.8,0,0.0,0
2026-01-02 01:15:00,21.51,36.6,0,14.5,0
2026-01-02 01:20:00,21.66,38.2,0,36.8,0
2026-01-02 01:25:00,21.3,36.6,0,0.0,0
2026-01-02 01:30:00,21.63,41.5,0,11.8,0
2026-01-02 01:35:00,22.33,37.7,0,0.0,0
2026-01-02 01:40:00,22.08,40.3,1,0.0,0
2026-01-02 01:45:00,22.58,38.3,0,0.0,0
2026-01-02 01:50:00,22.39,39.6,0,31.3,0
2026-01-02 01:55:00,14.14,38.5,0,8.8,1
2026-01-02 02:00:00,22.7,40.8,0,0.6,0
2026-01-02 02:05:00,22.21,38.3,0,23.3,0
2026-01-02 02:10:00,22.41,39.2,0,0.0,0
2026-01-02 02:15:00,21.99,39.1,0,38.1,0
2026-01-02 02:20:00,22.17,37.9,0,61.1,0
2026-01-02 02:25:00,21.9,39.4,1,26.7,0
2026-01-02 02:30:00,22.61,43.1,0,24.9,0
2026-01-02 02:35:00,21.78,38.2,0,44.2,0
2026-01-02 02:40:00,22.6,39.7,0,0.0,0
2026-01-02 02:45:00,22.24,41.5,0,53.3,0
2026-01-02 02:50:00,22.82,41.4,0,132.5,0
2026-01-02 02:55:00,22.68,39.2,1,38.0,0
2026-01-02 03:00:00,23.14,34.6,1,40.4,0
2026-01-02 03:05:00,22.74,40.5,0,68.6,0
2026-01-02 03:10:00,21.85,35.2,0,98.0,0
2026-01-02 03:15:00,22.48,42.7,0,80.3,0
2026-01-02 03:20:00,22.06,40.2,0,0.0,0
2026-01-02 03:25:00,22.35,42.0,0,73.0,0
2026-01-02 03:30:00,23.19,38.3,0,135.8,0
2026-01-02 03:35:00,22.87,37.2,0,80.0,0
2026-01-02 03:40:00,22.36,40.9,0,29.3,0
2026-01-02 03:45:00,22.26,40.5,0,75.1,0
2026-01-02 03:50:00,22.7,39.7,0,31.0,0
2026-01-02 03:55:00,22.22,41.0,1,109.2,0
2026-01-02 04:00:00,22.46,46.5,0,46.3,0
2026-01-02 04:05:00,22.88,42.8,0,80.1,0
2026-01-02 04:10:00,23.24,43.4,0,55.0,0
2026-01-02 04:15:00,23.04,43.1,0,67.3,0
2026-01-02 04:20:00,21.9,44.6,0,131.2,0
2026-01-02 04:25:00,22.95,41.4,0,92.7,0
2026-01-02 04:30:00,22.88,37.8,0,75.8,0
2026-01-02 04:35:00,23.03,41.7,0,61.3,0
2026-01-02 04:40:00,23.53,43.9,0,42.5,0
2026-01-02 04:45:00,22.07,40.5,0,64.2,0
2026-01-02 04:50:00,22.67,42.2,1,108.3,0
2026-01-02 04:55:00,23.16,41.4,0,137.4,0
2026-01-02 05:00:00,22.3,45.9,0,94.4,0
2026-01-02 05:05:00,23.53,44.6,0,161.5,0
2026-01-02 05:10:00,23.1,44.6,1,96.0,0
2026-01-02 05:15:00,23.3,44.7,0,113.6,0
2026-01-02 05:20:00,22.74,43.5,0,91.6,0
2026-01-02 05:25:00,23.3,44.2,0,156.9,0
2026-01-02 05:30:00,23.41,41.6,0,193.3,0
2026-01-02 05:35:00,23.08,39.8,1,80.8,0
2026-01-02 05:40:00,23.09,44.6,0,126.5,0
2026-01-02 05:45:00,23.1,45.1,0,178.1,0
2026-01-02 05:50:00,22.65,47.1,0,100.0,0
2026-01-02 05:55:00,22.94,48.0,0,163.7,0
2026-01-02 06:00:00,22.94,88.5,0,186.6,1
2026-01-02 06:05:00,23.15,43.2,0,155.6,0
2026-01-02 06:10:00,23.4,44.6,0,173.1,0
2026-01-02 06:15:00,22.57,46.5,0,212.6,0
2026-01-02 06:20:00,22.94,50.8,1,221.5,0
2026-01-02 06:25:00,23.58,48.8,0,164.5,0
2026-01-02 06:30:00,22.69,48.3,0,153.6,0
2026-01-02 06:35:00,22.65,45.4,0,145.2,0
2026-01-02 06:40:00,23.05,44.6,0,205.4,0
2026-01-02 06:45:00,23.3,48.1,0,138.1,0
2026-01-02 06:50:00,22.96,44.5,0,174.9,0
2026-01-02 06:55:00,23.47,46.4,0,188.7,0
2026-01-02 07:00:00,23.27,46.8,0,173.7,0
2026-01-02 07:05:00,23.26,50.4,0,200.4,0
2026-01-02 07:10:00,23.13,46.7,0,272.0,0
2026-01-02 07:15:00,23.82,42.7,0,194.6,0
2026-01-02 07:20:00,32.8,48.7,0,188.2,1
2026-01-02 07:25:00,22.06,46.5,0,234.8,0
2026-01-02 07:30:00,23.49,48.1,0,214.6,0
2026-01-02 07:35:00,22.65,48.0,1,900.7,1
2026-01-02 07:40:00,22.86,47.8,0,218.3,1
2026-01-02 07:45:00,23.32,50.1,0,208.9,0
2026-01-02 07:50:00,22.13,45.6,0,165.8,0
2026-01-02 07:55:00,22.25,47.8,0,173.6,0
2026-01-02 08:00:00,22.09,50.4,0,169.9,0
2026-01-02 08:05:00,22.39,47.9,0,239.2,0
2026-01-02 08:10:00,22.86,46.1,0,189.7,0
2026-01-02 08:15:00,22.87,50.8,0,271.0,0
2026-01-02 08:20:00,22.75,51.8,0,236.9,0
2026-01-02 08:25:00,22.05,49.6,0,231.4,0
2026-01-02 08:30:00,21.66,45.9,0,216.0,0
2026-01-02 08:35:00,22.58,51.4,0,262.6,0
2026-01-02 08:40:00,22.34,46.8,0,222.3,0
2026-01-02 08:45:00,22.69,50.9,1,219.3,1
2026-01-02 08:50:00,22.76,94.7,0,287.0,1
2026-01-02 08:55:00,22.5,48.2,0,264.4,0
2026-01-02 09:00:00,22.72,49.8,0,249.0,0
2026-01-02 09:05:00,22.47,50.4,0,277.6,0
2026-01-02 09:10:00,22.56,49.6,0,260.9,0
2026-01-02 09:15:00,22.04,52.2,1,274.3,0
2026-01-02 09:20:00,22.21,50.2,0,240.4,0
2026-01-02 09:25:00,22.33,53.2,0,329.1,0
2026-01-02 09:30:00,22.55,51.9,0,251.6,0
2026-01-02 09:35:00,22.03,50.1,0,317.6,0
2026-01-02 09:40:00,22.36,49.8,0,267.2,0
2026-01-02 09:45:00,22.0,48.4,0,298.9,0
2026-01-02 09:50:00,22.03,52.3,1,298.5,0
2026-01-02 09:55:00,22.37,51.1,0,312.6,0
2026-01-02 10:00:00,21.2,47.2,0,254.7,0
2026-01-02 10:05:00,21.44,50.9,0,313.8,0
2026-01-02 10:10:00,21.33,50.3,0,338.4,0
2026-01-02 10:15:00,20.95,55.3,0,276.8,0
2026-01-02 10:20:00,21.57,48.8,0,287.0,0
2026-01-02 10:25:00,22.11,49.4,0,271.6,1
2026-01-02 10:30:00,21.65,54.6,0,278.2,0
2026-01-02 10:35:00,21.8,55.2,0,341.1,0
2026-01-02 10:40:00,22.12,51.0,0,260.8,0
2026-01-02 10:45:00,22.17,51.3,0,263.8,0
2026-01-02 10:50:00,21.57,53.9,0,341.4,0
2026-01-02 10:55:00,22.1,48.0,0,312.7,0
2026-01-02 11:00:00,21.55,49.0,1,358.5,0
2026-01-02 11:05:00,21.14,90.1,0,282.2,1
2026-01-02 11:10:00,21.2,55.9,0,300.2,0
2026-01-02 11:15:00,20.8,52.0,0,277.3,0
2026-01-02 11:20:00,20.99,53.1,0,302.0,0
2026-01-02 11:25:00,21.16,55.2,0,245.0,0
2026-01-02 11:30:00,21.58,57.1,1,319.3,0
2026-01-02 11:35:00,21.91,51.8,0,308.8,0
2026-01-02 11:40:00,20.62,52.9,0,297.7,0
2026-01-02 11:45:00,21.29,56.6,0,288.0,0
2026-01-02 11:50:00,20.67,92.4,0,273.0,1
2026-01-02 11:55:00,21.23,55.1,0,321.8,0
2026-01-02 12:00:00,20.95,51.0,0,264.9,1
2026-01-02 12:05:00,20.22,53.2,0,315.3,0
2026-01-02 12:10:00,21.28,52.5,0,362.1,0
2026-01-02 12:15:00,20.63,51.1,0,344.2,0
2026-01-02 12:20:00,20.61,51.0,0,254.3,0
2026-01-02 12:25:00,20.35,53.5,0,283.0,0
2026-01-02 12:30:00,20.48,54.9,0,311.4,0
2026-01-02 12:35:00,20.87,52.6,0,296.1,0
2026-01-02 12:40:00,20.58,53.0,0,255.7,0
2026-01-02 12:45:00,20.74,54.0,1,308.7,0
2026-01-02 12:50:00,20.71,89.5,0,296.1,1
2026-01-02 12:55:00,21.05,54.3,0,353.1,0
2026-01-02 13:00:00,20.35,54.4,0,287.3,0
2026-01-02 13:05:00,19.85,57.9,0,329.0,0
2026-01-02 13:10:00,20.83,51.9,1,255.0,0
2026-01-02 13:15:00,20.22,51.7,1,261.2,0
2026-01-02 13:20:00,20.76,54.1,0,312.6,0
2026-01-02 13:25:00,20.43,54.1,0,322.3,0
2026-01-02 13:30:00,20.18,51.3,0,259.9,1
2026-01-02 13:35:00,20.33,51.5,0,288.0,0
2026-01-02 13:40:00,20.94,53.3,0,244.5,0
2026-01-02 13:45:00,20.95,50.5,0,279.1,0
2026-01-02 13:50:00,20.1,51.3,0,308.2,0
2026-01-02 13:55:00,20.1,52.2,0,268.5,0
2026-01-02 14:00:00,30.43,53.9,1,272.4,1
2026-01-02 14:05:00,19.62,50.6,0,244.3,0
2026-01-02 14:10:00,20.06,48.1,1,257.1,0
2026-01-02 14:15:00,19.88,47.8,0,327.5,0
2026-01-02 14:20:00,19.98,49.0,0,275.1,0
2026-01-02 14:25:00,19.48,48.8,0,240.9,0
2026-01-02 14:30:00,19.15,51.0,0,259.6,0
2026-01-02 14:35:00,18.92,48.9,0,219.1,0
2026-01-02 14:40:00,19.27,49.7,1,234.5,0
2026-01-02 14:45:00,19.5,86.1,0,303.6,1
2026-01-02 14:50:00,19.53,50.0,0,256.3,0
2026-01-02 14:55:00,20.39,53.4,0,315.1,0
2026-01-02 15:00:00,20.03,52.0,0,253.2,0
2026-01-02 15:05:00,19.17,50.6,0,252.6,0
2026-01-02 15:10:00,19.66,49.5,0,270.6,0
2026-01-02 15:15:00,19.33,93.7,0,168.7,1
2026-01-02 15:20:00,19.35,50.8,0,252.6,0
2026-01-02 15:25:00,19.51,51.2,1,242.4,0
2026-01-02 15:30:00,19.66,48.1,0,285.9,0
2026-01-02 15:35:00,19.25,49.8,0,267.6,0
2026-01-02 15:40:00,19.79,45.5,0,202.0,0
2026-01-02 15:45:00,18.88,49.9,0,270.6,0
2026-01-02 15:50:00,19.32,50.8,0,222.7,0
2026-01-02 15:55:00,20.33,48.6,0,200.7,0
2026-01-02 16:00:00,19.36,52.6,0,230.9,0
2026-01-02 16:05:00,19.82,47.1,0,216.1,0
2026-01-02 16:10:00,19.26,49.1,0,265.4,0
2026-01-02 16:15:00,11.44,48.5,1,226.6,1
2026-01-02 16:20:00,19.16,48.2,0,219.6,0
2026-01-02 16:25:00,19.1,48.0,1,237.4,0
2026-01-02 16:30:00,18.84,48.3,0,240.2,1
2026-01-02 16:35:00,19.31,49.6,0,227.9,0
2026-01-02 16:40:00,18.78,50.5,0,243.9,0
2026-01-02 16:45:00,19.37,47.6,0,216.5,0
2026-01-02 16:50:00,19.53,49.0,0,200.1,0
2026-01-02 16:55:00,19.23,45.8,0,229.1,0
2026-01-02 17:00:00,18.95,48.6,0,186.1,0
2026-01-02 17:05:00,19.24,45.4,0,186.7,0
2026-01-02 17:10:00,18.92,48.9,0,234.1,0
2026-01-02 17:15:00,19.41,51.0,0,227.9,0
2026-01-02 17:20:00,18.3,46.1,0,175.8,0
2026-01-02 17:25:00,18.89,41.8,0,159.2,0
2026-01-02 17:30:00,18.22,44.9,0,213.5,0
2026-01-02 17:35:00,18.41,48.3,0,190.3,0
2026-01-02 17:40:00,19.55,46.8,0,172.5,0
2026-01-02 17:45:00,19.36,46.0,0,150.2,0
2026-01-02 17:50:00,18.71,89.8,0,166.5,1
2026-01-02 17:55:00,18.4,46.1,0,152.6,0
2026-01-02 18:00:00,17.81,47.4,0,130.1,0
2026-01-02 18:05:00,18.78,46.7,0,150.6,0
2026-01-02 18:10:00,19.97,47.7,0,151.4,1
2026-01-02 18:15:00,19.18,45.2,0,128.9,0
2026-01-02 18:20:00,18.78,46.1,0,164.0,0
2026-01-02 18:25:00,19.2,43.5,0,172.3,0
2026-01-02 18:30:00,18.39,42.8,0,159.5,0
2026-01-02 18:35:00,18.9,47.2,0,118.9,0
2026-01-02 18:40:00,19.07,44.0,0,146.6,0
2026-01-02 18:45:00,19.0,45.0,0,123.1,0
2026-01-02 18:50:00,19.36,43.5,1,80.5,0
2026-01-02 18:55:00,19.2,41.9,0,134.5,0
2026-01-02 19:00:00,19.34,43.0,0,115.6,0
2026-01-02 19:05:00,18.8,45.6,0,185.8,0
2026-01-02 19:10:00,19.45,43.7,0,148.6,0
2026-01-02 19:15:00,19.76,39.0,0,123.1,0
2026-01-02 19:20:00,18.73,41.8,0,106.2,0
2026-01-02 19:25:00,18.78,45.7,0,100.5,0
2026-01-02 19:30:00,19.69,41.5,0,62.5,0
2026-01-02 19:35:00,19.09,38.2,0,37.4,0
2026-01-02 19:40:00,19.75,45.4,0,60.4,0
2026-01-02 19:45:00,19.03,42.8,0,82.2,0
2026-01-02 19:50:00,19.81,41.2,0,17.6,0
2026-01-02 19:55:00,19.3,40.4,0,61.5,0
2026-01-02 20:00:00,19.37,43.2,0,67.6,0
2026-01-02 20:05:00,19.92,39.8,0,65.7,0
2026-01-02 20:10:00,19.17,43.0,1,49.6,0
2026-01-02 20:15:00,18.96,41.6,0,56.4,0
2026-01-02 20:20:00,19.18,40.9,0,115.7,0
2026-01-02 20:25:00,19.57,40.6,0,81.2,0
2026-01-02 20:30:00,18.79,39.8,0,41.9,0
2026-01-02 20:35:00,19.7,42.1,0,54.1,0
2026-01-02 20:40:00,19.25,38.1,0,52.7,0
2026-01-02 20:45:00,19.96,36.5,0,28.1,0
2026-01-02 20:50:00,18.57,40.8,0,25.6,0
2026-01-02 20:55:00,19.24,40.7,0,76.6,0
2026-01-02 21:00:00,18.91,40.3,0,31.3,0
2026-01-02 21:05:00,19.29,40.0,1,8.8,0
2026-01-02 21:10:00,19.75,38.5,0,38.1,0
2026-01-02 21:15:00,19.61,40.6,0,40.8,0
2026-01-02 21:20:00,19.61,38.8,0,0.0,0
2026-01-02 21:25:00,19.68,37.8,0,31.8,0
2026-01-02 21:30:00,19.86,38.0,0,57.0,0
2026-01-02 21:35:00,19.41,42.6,1,42.6,0
2026-01-02 21:40:00,20.14,35.0,0,94.0,0
2026-01-02 21:45:00,20.15,39.3,1,62.8,0
2026-01-02 21:50:00,20.08,34.9,0,67.0,0
2026-01-02 21:55:00,20.19,37.9,0,105.8,0
2026-01-02 22:00:00,20.12,37.2,0,42.8,0
2026-01-02 22:05:00,20.85,33.8,0,23.4,0
2026-01-02 22:10:00,20.04,38.7,0,46.2,0
2026-01-02 22:15:00,19.99,37.1,0,0.0,1
2026-01-02 22:20:00,19.85,33.6,0,17.3,0
2026-01-02 22:25:00,19.78,39.4,0,0.0,0
2026-01-02 22:30:00,19.74,40.5,0,23.4,0
2026-01-02 22:35:00,19.92,40.5,0,0.0,0
2026-01-02 22:40:00,20.29,38.2,0,0.0,0
2026-01-02 22:45:00,20.49,37.5,0,20.4,0
2026-01-02 22:50:00,20.42,40.0,0,2.8,0
2026-01-02 22:55:00,20.13,40.7,1,0.0,0
2026-01-02 23:00:00,20.84,39.5,0,0.0,0
2026-01-02 23:05:00,20.82,35.3,0,0.0,0
2026-01-02 23:10:00,20.5,37.6,0,0.0,0
2026-01-02 23:15:00,20.35,38.0,0,15.3,0
2026-01-02 23:20:00,20.87,33.5,0,8.8,0
2026-01-02 23:25:00,20.77,38.0,1,33.7,0
2026-01-02 23:30:00,20.16,41.6,0,23.9,0
2026-01-02 23:35:00,20.76,38.3,0,33.0,0
2026-01-02 23:40:00,20.93,40.0,0,18.8,0
2026-01-02 23:45:00,20.51,37.4,0,6.6,0
2026-01-02 23:50:00,20.99,36.9,0,33.1,0
2026-01-02 23:55:00,20.37,37.8,0,27.6,0
2026-01-03 00:00:00,21.53,35.4,0,11.3,0
2026-01-03 00:05:00,21.54,35.1,0,38.2,0
2026-01-03 00:10:00,20.99,39.5,1,0.0,0
2026-01-03 00:15:00,21.28,39.8,0,0.0,0
2026-01-03 00:20:00,20.21,35.0,0,0.0,0
2026-01-03 00:25:00,20.76,39.0,0,35.5,0
2026-01-03 00:30:00,21.14,36.9,1,48.4,0
2026-01-03 00:35:00,20.88,37.8,0,0.0,0
2026-01-03 00:40:00,21.63,38.0,1,44.6,0
2026-01-03 00:45:00,22.19,39.1,0,0.0,0
2026-01-03 00:50:00,20.96,37.4,0,0.0,0
2026-01-03 00:55:00,21.14,40.0,1,0.0,0
2026-01-03 01:00:00,21.61,37.9,0,0.0,0
2026-01-03 01:05:00,22.2,38.6,0,0.0,0
2026-01-03 01:10:00,21.11,35.7,0,26.4,0
2026-01-03 01:15:00,21.74,41.7,0,28.3,0
2026-01-03 01:20:00,22.41,38.4,0,40.7,0
2026-01-03 01:25:00,21.06,39.0,0,0.0,0
2026-01-03 01:30:00,21.25,34.4,1,5.6,1
2026-01-03 01:35:00,21.64,36.0,0,11.8,0
2026-01-03 01:40:00,21.64,40.2,0,64.7,0
2026-01-03 01:45:00,22.21,38.4,0,0.0,0
2026-01-03 01:50:00,22.02,34.1,0,0.0,0
2026-01-03 01:55:00,21.25,40.1,0,18.7,0
2026-01-03 02:00:00,22.21,37.0,0,0.0,0
2026-01-03 02:05:00,21.81,41.0,0,14.0,0
2026-01-03 02:10:00,22.58,38.1,0,19.7,0
2026-01-03 02:15:00,21.86,38.8,0,5.5,0
2026-01-03 02:20:00,21.89,40.8,0,29.1,0
2026-01-03 02:25:00,22.4,36.8,0,47.9,0
2026-01-03 02:30:00,22.52,36.7,0,23.9,0
2026-01-03 02:35:00,22.43,38.4,0,19.4,0
2026-01-03 02:40:00,21.61,40.5,1,10.4,1
2026-01-03 02:45:00,22.53,36.3,0,37.0,0
2026-01-03 02:50:00,21.94,35.8,0,0.0,0
2026-01-03 02:55:00,22.48,40.9,0,55.5,0
2026-01-03 03:00:00,21.84,38.1,1,30.4,0
2026-01-03 03:05:00,22.62,38.7,0,84.1,0
2026-01-03 03:10:00,22.15,35.9,0,66.4,0
2026-01-03 03:15:00,21.99,38.4,0,86.2,0
2026-01-03 03:20:00,22.82,39.8,0,23.3,0
2026-01-03 03:25:00,22.66,41.9,0,45.0,0
2026-01-03 03:30:00,22.34,38.6,0,21.4,0
2026-01-03 03:35:00,23.19,43.6,0,40.1,0
2026-01-03 03:40:00,22.46,39.0,0,101.5,0
2026-01-03 03:45:00,22.68,39.2,0,111.3,0
2026-01-03 03:50:00,22.79,43.8,0,35.0,0
2026-01-03 03:55:00,22.46,41.3,0,58.4,0
2026-01-03 04:00:00,22.92,39.9,0,72.7,0
2026-01-03 04:05:00,22.54,40.8,0,95.4,0
2026-01-03 04:10:00,22.61,44.0,0,27.9,0
2026-01-03 04:15:00,23.34,44.4,0,35.6,0
2026-01-03 04:20:00,22.4,40.0,0,101.3,0
2026-01-03 04:25:00,21.87,41.7,0,31.1,0
2026-01-03 04:30:00,23.49,42.1,1,79.2,0
2026-01-03 04:35:00,23.88,40.1,0,100.5,0
2026-01-03 04:40:00,22.72,42.2,0,111.2,0
2026-01-03 04:45:00,22.12,42.4,0,97.5,0
2026-01-03 04:50:00,22.78,44.9,0,93.9,0
2026-01-03 04:55:00,22.81,45.2,0,133.4,0
2026-01-03 05:00:00,22.86,42.3,0,119.7,0
2026-01-03 05:05:00,22.5,42.7,0,94.9,0
2026-01-03 05:10:00,23.18,44.6,0,118.7,0
2026-01-03 05:15:00,23.17,42.3,0,132.2,0
2026-01-03 05:20:00,22.37,44.8,0,175.5,0
2026-01-03 05:25:00,23.26,43.6,0,150.8,0
2026-01-03 05:30:00,23.8,42.0,0,166.9,0
2026-01-03 05:35:00,23.06,42.2,1,115.4,0
2026-01-03 05:40:00,22.86,47.2,0,121.2,0
2026-01-03 05:45:00,22.94,44.2,0,133.1,0
2026-01-03 05:50:00,23.24,47.9,0,139.1,0
2026-01-03 05:55:00,22.31,43.8,0,116.5,0
2026-01-03 06:00:00,23.07,45.6,0,188.0,0
2026-01-03 06:05:00,22.84,50.0,0,179.8,0
2026-01-03 06:10:00,23.74,43.2,1,147.4,0
2026-01-03 06:15:00,22.93,41.7,1,179.1,0
2026-01-03 06:20:00,23.66,48.3,0,169.8,0
2026-01-03 06:25:00,22.55,44.2,0,187.9,0
2026-01-03 06:30:00,23.22,46.0,0,129.2,0
2026-01-03 06:35:00,23.1,45.0,1,168.4,0
2026-01-03 06:40:00,22.62,46.9,0,174.3,0
2026-01-03 06:45:00,23.03,44.7,0,198.0,0
2026-01-03 06:50:00,23.44,46.4,0,163.6,0
2026-01-03 06:55:00,22.81,47.8,0,110.7,0
2026-01-03 07:00:00,22.26,45.1,0,156.4,0
2026-01-03 07:05:00,22.91,45.8,0,190.1,0
2026-01-03 07:10:00,22.55,46.7,0,197.0,0
2026-01-03 07:15:00,22.76,44.7,0,248.7,0
2026-01-03 07:20:00,22.85,46.9,1,218.8,0
2026-01-03 07:25:00,22.18,87.8,0,206.8,1
2026-01-03 07:30:00,22.2,47.3,0,206.4,0
2026-01-03 07:35:00,23.02,47.7,0,243.5,0
2026-01-03 07:40:00,22.6,48.3,0,195.7,0
2026-01-03 07:45:00,21.77,47.2,0,212.1,0
2026-01-03 07:50:00,23.09,50.1,0,186.6,0
2026-01-03 07:55:00,22.86,51.7,0,264.7,0
2026-01-03 08:00:00,22.45,48.1,0,236.8,0
2026-01-03 08:05:00,22.18,50.1,0,206.6,0
2026-01-03 08:10:00,23.02,48.8,0,227.2,0
2026-01-03 08:15:00,22.8,50.2,0,248.6,0
2026-01-03 08:20:00,23.59,52.7,0,228.5,0
2026-01-03 08:25:00,22.78,50.7,0,222.7,0
2026-01-03 08:30:00,22.74,46.3,1,221.7,0
2026-01-03 08:35:00,22.49,50.9,0,254.1,0
2026-01-03 08:40:00,22.86,52.6,1,235.7,0
2026-01-03 08:45:00,22.75,49.8,1,235.3,0
2026-01-03 08:50:00,22.98,52.4,0,211.3,0
2026-01-03 08:55:00,22.24,49.2,1,256.1,0
2026-01-03 09:00:00,22.24,47.7,0,250.6,0
2026-01-03 09:05:00,22.19,51.1,0,248.7,0
2026-01-03 09:10:00,22.67,47.4,0,266.6,0
2026-01-03 09:15:00,22.92,50.5,0,285.2,0
2026-01-03 09:20:00,22.1,53.7,0,286.0,0
2026-01-03 09:25:00,22.08,47.4,0,283.6,0
2026-01-03 09:30:00,22.34,48.8,0,261.8,0
2026-01-03 09:35:00,22.08,49.4,0,254.0,0
2026-01-03 09:40:00,22.53,51.4,0,241.6,0
2026-01-03 09:45:00,21.21,50.9,0,256.9,0
2026-01-03 09:50:00,21.74,54.5,0,277.1,0
2026-01-03 09:55:00,21.72,53.7,0,254.6,0
2026-01-03 10:00:00,21.07,52.9,0,282.8,0
2026-01-03 10:05:00,21.58,52.3,1,252.5,0
2026-01-03 10:10:00,21.56,52.9,0,233.2,0
2026-01-03 10:15:00,21.8,50.5,0,309.1,0
2026-01-03 10:20:00,22.29,54.0,0,271.7,0
2026-01-03 10:25:00,21.71,50.1,0,262.2,0
2026-01-03 10:30:00,21.35,54.1,0,255.8,0
2026-01-03 10:35:00,21.7,54.8,0,302.5,0
2026-01-03 10:40:00,22.1,52.9,0,332.2,0
2026-01-03 10:45:00,21.25,52.2,0,279.9,0
2026-01-03 10:50:00,21.24,53.4,0,286.6,0
2026-01-03 10:55:00,21.78,47.0,0,326.2,0
2026-01-03 11:00:00,21.43,53.3,1,240.6,0
2026-01-03 11:05:00,21.73,52.5,0,354.7,0
2026-01-03 11:10:00,21.43,52.7,0,369.8,0
2026-01-03 11:15:00,21.67,54.3,0,215.9,0
2026-01-03 11:20:00,20.93,52.7,0,294.8,0
2026-01-03 11:25:00,21.3,50.6,0,276.7,0
2026-01-03 11:30:00,21.18,52.6,0,290.8,0
2026-01-03 11:35:00,20.73,53.1,0,286.6,0
2026-01-03 11:40:00,20.55,53.2,0,323.8,0
2026-01-03 11:45:00,21.41,53.3,0,296.3,0
2026-01-03 11:50:00,20.95,55.1,0,272.5,0
2026-01-03 11:55:00,20.63,50.8,0,294.8,0
2026-01-03 12:00:00,20.96,53.4,0,315.4,0
2026-01-03 12:05:00,21.41,55.6,1,264.5,0
2026-01-03 12:10:00,20.0,49.5,0,250.5,0
2026-01-03 12:15:00,20.27,53.3,0,359.5,0
2026-01-03 12:20:00,20.46,51.8,0,280.2,0
2026-01-03 12:25:00,21.37,52.2,0,295.0,0
2026-01-03 12:30:00,20.85,51.1,0,286.8,0
2026-01-03 12:35:00,21.0,52.6,0,314.7,0
2026-01-03 12:40:00,20.2,56.6,0,350.9,0
2026-01-03 12:45:00,20.16,50.3,0,314.5,0
2026-01-03 12:50:00,20.75,50.5,0,250.9,0
2026-01-03 12:55:00,20.55,50.2,0,254.2,0
2026-01-03 13:00:00,20.7,56.2,0,282.9,0
2026-01-03 13:05:00,20.37,51.8,0,286.0,0
2026-01-03 13:10:00,20.51,52.6,0,241.4,0
2026-01-03 13:15:00,20.42,51.8,0,316.6,0
2026-01-03 13:20:00,20.63,50.6,0,258.4,0
2026-01-03 13:25:00,20.6,52.0,0,334.6,0
2026-01-03 13:30:00,19.59,57.3,0,343.2,0
2026-01-03 13:35:00,19.3,55.1,0,279.8,1
2026-01-03 13:40:00,20.56,50.5,0,299.1,0
2026-01-03 13:45:00,20.59,53.5,0,247.6,1
2026-01-03 13:50:00,19.67,50.4,1,301.8,0
2026-01-03 13:55:00,19.29,48.5,1,266.6,0
2026-01-03 14:00:00,20.04,54.0,0,247.3,0
2026-01-03 14:05:00,20.33,54.2,0,269.6,0
2026-01-03 14:10:00,20.64,53.8,0,262.5,0
2026-01-03 14:15:00,20.1,50.7,0,265.0,0
2026-01-03 14:20:00,19.7,51.2,0,301.4,0
2026-01-03 14:25:00,19.46,53.0,0,247.4,0
2026-01-03 14:30:00,19.79,52.1,0,321.1,0
2026-01-03 14:35:00,19.63,50.5,0,227.2,0
2026-01-03 14:40:00,19.31,47.9,0,313.4,0
2026-01-03 14:45:00,20.5,51.2,0,232.3,0
2026-01-03 14:50:00,20.36,53.1,0,260.6,0
2026-01-03 14:55:00,20.07,48.4,0,243.6,0
2026-01-03 15:00:00,19.22,51.9,0,245.8,1
2026-01-03 15:05:00,19.9,51.2,0,277.8,0
2026-01-03 15:10:00,19.78,51.9,0,296.3,0
2026-01-03 15:15:00,19.67,52.0,0,284.6,0
2026-01-03 15:20:00,19.97,48.8,1,234.3,0
2026-01-03 15:25:00,19.69,46.8,0,249.4,0
2026-01-03 15:30:00,19.71,48.8,0,217.9,0
2026-01-03 15:35:00,19.64,51.5,0,208.9,0
2026-01-03 15:40:00,19.5,48.5,1,201.6,0
2026-01-03 15:45:00,18.62,48.1,0,220.2,0
2026-01-03 15:50:00,19.35,45.7,0,238.1,1
2026-01-03 15:55:00,19.07,52.7,0,170.5,0
2026-01-03 16:00:00,18.76,50.7,0,223.6,0
2026-01-03 16:05:00,19.92,50.4,0,267.6,0
2026-01-03 16:10:00,19.92,50.6,0,252.9,0
2026-01-03 16:15:00,19.75,49.7,1,198.8,0
2026-01-03 16:20:00,19.29,96.9,0,171.5,1
2026-01-03 16:25:00,19.71,47.9,0,224.2,0
2026-01-03 16:30:00,19.16,47.2,0,137.9,0
2026-01-03 16:35:00,19.22,53.2,0,237.7,0
2026-01-03 16:40:00,18.68,48.8,0,194.9,0
2026-01-03 16:45:00,19.26,46.6,0,253.2,0
2026-01-03 16:50:00,19.12,48.3,0,143.3,0
2026-01-03 16:55:00,18.56,45.2,0,219.5,0
2026-01-03 17:00:00,19.05,50.1,0,185.8,0
2026-01-03 17:05:00,19.03,45.6,0,175.7,0
2026-01-03 17:10:00,19.77,47.7,0,141.4,0
2026-01-03 17:15:00,19.4,48.7,0,197.1,0
2026-01-03 17:20:00,19.03,47.2,0,196.3,0
2026-01-03 17:25:00,29.12,46.4,0,226.4,1
2026-01-03 17:30:00,19.03,46.1,0,199.8,0
2026-01-03 17:35:00,18.93,45.8,0,148.5,0
2026-01-03 17:40:00,18.57,44.5,0,133.0,0
2026-01-03 17:45:00,18.94,44.6,0,118.8,0
2026-01-03 17:50:00,18.7,48.3,0,1102.1,1
2026-01-03 17:55:00,18.5,45.0,0,129.9,0
2026-01-03 18:00:00,19.2,43.4,1,194.4,0
2026-01-03 18:05:00,19.16,43.8,0,162.5,0
2026-01-03 18:10:00,18.29,46.9,0,153.4,0
2026-01-03 18:15:00,18.96,45.8,0,131.0,0
2026-01-03 18:20:00,19.41,45.4,0,156.7,0
2026-01-03 18:25:00,19.44,43.6,0,133.2,0
2026-01-03 18:30:00,19.43,45.1,0,119.3,0
2026-01-03 18:35:00,19.04,42.5,0,148.1,0
2026-01-03 18:40:00,18.69,43.1,0,119.6,0
2026-01-03 18:45:00,18.6,45.4,0,96.8,0
2026-01-03 18:50:00,19.19,45.0,0,135.5,0
2026-01-03 18:55:00,19.21,41.1,0,112.4,0
2026-01-03 19:00:00,19.58,41.2,0,125.8,0
2026-01-03 19:05:00,19.52,43.0,0,94.4,0
2026-01-03 19:10:00,19.04,46.0,0,68.6,0
2026-01-03 19:15:00,18.61,38.6,0,153.8,0
2026-01-03 19:20:00,18.99,42.8,0,145.1,0
2026-01-03 19:25:00,19.22,39.3,0,122.1,0
2026-01-03 19:30:00,19.07,40.7,0,81.0,0
2026-01-03 19:35:00,18.94,41.0,0,80.6,0
2026-01-03 19:40:00,19.29,40.8,0,128.1,0
2026-01-03 19:45:00,19.0,40.4,0,73.0,0
2026-01-03 19:50:00,18.97,41.3,0,61.8,0
2026-01-03 19:55:00,19.37,40.1,0,134.0,0
2026-01-03 20:00:00,19.11,38.1,0,73.6,0
2026-01-03 20:05:00,19.39,42.4,0,125.2,0
2026-01-03 20:10:00,19.42,42.2,0,27.5,0
2026-01-03 20:15:00,18.88,42.2,0,82.2,0
2026-01-03 20:20:00,19.17,37.3,0,126.1,1
2026-01-03 20:25:00,19.96,40.9,0,62.2,0
2026-01-03 20:30:00,18.95,41.5,0,50.8,0
2026-01-03 20:35:00,18.59,37.9,0,21.1,0
2026-01-03 20:40:00,18.72,39.9,0,86.1,0
2026-01-03 20:45:00,19.51,39.5,0,28.0,0
2026-01-03 20:50:00,19.54,43.3,0,45.8,0
2026-01-03 20:55:00,19.51,43.3,0,9.2,0
2026-01-03 21:00:00,20.07,90.1,0,90.6,1
2026-01-03 21:05:00,18.55,44.2,0,76.3,0
2026-01-03 21:10:00,19.81,37.3,0,38.5,0
2026-01-03 21:15:00,20.31,40.9,0,2.6,0
2026-01-03 21:20:00,19.26,40.8,0,81.2,0
2026-01-03 21:25:00,19.6,36.8,0,22.0,0
2026-01-03 21:30:00,19.48,39.6,0,0.0,0
2026-01-03 21:35:00,19.46,38.3,0,0.0,0
2026-01-03 21:40:00,19.72,39.6,0,7.7,0
2026-01-03 21:45:00,20.46,38.8,0,0.0,0
2026-01-03 21:50:00,20.66,40.6,0,4.8,0
2026-01-03 21:55:00,19.83,38.3,0,44.1,0
2026-01-03 22:00:00,20.76,37.7,0,8.8,0
2026-01-03 22:05:00,20.05,40.2,0,29.2,0
2026-01-03 22:10:00,20.78,39.1,0,0.0,0
2026-01-03 22:15:00,20.08,39.3,0,17.4,0
2026-01-03 22:20:00,20.21,36.4,0,71.7,0
2026-01-03 22:25:00,20.34,35.6,0,2.2,0
2026-01-03 22:30:00,21.51,36.5,0,23.0,0
2026-01-03 22:35:00,20.62,36.3,1,0.0,0
2026-01-03 22:40:00,20.03,39.1,0,54.6,0
2026-01-03 22:45:00,20.74,39.4,0,0.0,0
2026-01-03 22:50:00,20.25,37.1,0,38.5,0
2026-01-03 22:55:00,20.24,40.2,0,2.3,0
2026-01-03 23:00:00,20.85,40.0,0,23.5,0
2026-01-03 23:05:00,20.54,37.7,0,24.4,0
2026-01-03 23:10:00,20.68,35.5,0,0.0,0
2026-01-03 23:15:00,20.62,40.3,0,35.6,0
2026-01-03 23:20:00,20.79,37.0,0,0.0,0
2026-01-03 23:25:00,20.87,37.3,0,25.1,0
2026-01-03 23:30:00,19.96,36.4,0,0.0,0
2026-01-03 23:35:00,21.05,35.3,0,11.4,0
2026-01-03 23:40:00,20.43,34.1,0,0.0,0
2026-01-03 23:45:00,20.29,38.3,0,1.8,0
2026-01-03 23:50:00,20.89,35.4,0,0.0,0
2026-01-03 23:55:00,20.99,43.1,0,7.5,0
2026-01-04 00:00:00,20.72,34.8,0,1.3,0
2026-01-04 00:05:00,21.38,34.5,0,0.0,0
2026-01-04 00:10:00,20.55,38.0,0,0.0,0
2026-01-04 00:15:00,20.97,40.1,0,4.3,0
2026-01-04 00:20:00,20.94,37.2,0,0.0,0
2026-01-04 00:25:00,21.2,38.2,0,0.0,0
2026-01-04 00:30:00,21.37,33.4,0,0.0,0
2026-01-04 00:35:00,20.9,35.7,1,72.1,0
2026-01-04 00:40:00,21.64,35.0,0,34.1,0
2026-01-04 00:45:00,21.42,33.4,0,11.1,0
2026-01-04 00:50:00,20.68,37.4,1,38.7,0
2026-01-04 00:55:00,20.69,32.7,0,0.0,0
2026-01-04 01:00:00,21.51,34.6,0,0.0,0
2026-01-04 01:05:00,21.47,36.2,1,0.0,0
2026-01-04 01:10:00,21.56,35.7,0,0.0,0
2026-01-04 01:15:00,21.63,38.2,0,0.9,0
2026-01-04 01:20:00,21.77,38.1,0,15.2,0
2026-01-04 01:25:00,22.1,39.3,0,37.8,0
2026-01-04 01:30:00,21.32,39.1,0,0.0,0
2026-01-04 01:35:00,21.34,40.0,0,24.7,0
2026-01-04 01:40:00,21.41,37.7,0,14.5,0
2026-01-04 01:45:00,22.0,38.4,0,25.9,0
2026-01-04 01:50:00,22.42,38.9,0,1.4,0
2026-01-04 01:55:00,21.79,38.3,0,60.0,0
2026-01-04 02:00:00,21.0,37.3,0,17.0,0
2026-01-04 02:05:00,21.36,37.5,0,75.0,0
2026-01-04 02:10:00,21.74,36.6,0,0.0,0
2026-01-04 02:15:00,21.89,39.2,0,47.6,0
2026-01-04 02:20:00,21.98,38.3,0,25.3,0
2026-01-04 02:25:00,22.2,37.2,0,19.2,0
2026-01-04 02:30:00,22.09,37.3,0,50.0,0
2026-01-04 02:35:00,22.67,36.3,1,24.0,0
2026-01-04 02:40:00,22.02,40.8,1,0.0,0
2026-01-04 02:45:00,21.97,39.1,0,0.0,0
2026-01-04 02:50:00,22.54,37.4,0,77.6,0
2026-01-04 02:55:00,21.77,40.8,0,78.6,0
2026-01-04 03:00:00,22.57,38.2,0,100.6,0
2026-01-04 03:05:00,22.49,36.7,0,45.7,0
2026-01-04 03:10:00,22.42,41.6,0,9.9,0
2026-01-04 03:15:00,23.14,38.7,0,38.5,0
2026-01-04 03:20:00,22.28,39.0,0,53.9,0
2026-01-04 03:25:00,23.38,40.1,0,25.9,0
2026-01-04 03:30:00,22.5,42.4,0,108.1,0
2026-01-04 03:35:00,22.1,40.3,0,128.5,0
2026-01-04 03:40:00,22.67,38.0,0,78.3,0
2026-01-04 03:45:00,22.23,41.6,0,66.3,0
2026-01-04 03:50:00,22.39,39.7,1,30.6,0
2026-01-04 03:55:00,22.87,44.6,0,118.6,0
2026-01-04 04:00:00,22.95,41.0,0,77.3,0
2026-01-04 04:05:00,22.5,36.7,0,69.2,0
2026-01-04 04:10:00,23.17,42.0,0,95.2,0
2026-01-04 04:15:00,23.26,45.4,0,66.1,0
2026-01-04 04:20:00,23.39,44.8,0,91.0,0
2026-01-04 04:25:00,23.04,45.4,0,46.3,0
2026-01-04 04:30:00,23.39,39.9,0,125.2,0
2026-01-04 04:35:00,22.11,43.9,0,92.5,0
2026-01-04 04:40:00,22.75,40.8,0,133.5,0
2026-01-04 04:45:00,22.55,42.9,0,95.7,0
2026-01-04 04:50:00,22.96,40.0,0,100.8,0
2026-01-04 04:55:00,22.69,41.5,0,71.7,0
2026-01-04 05:00:00,22.87,41.6,0,134.0,0
2026-01-04 05:05:00,23.7,44.9,0,88.1,0
2026-01-04 05:10:00,22.88,44.9,0,102.9,0
2026-01-04 05:15:00,23.13,44.0,0,120.8,0
2026-01-04 05:20:00,22.88,40.9,0,127.6,0
2026-01-04 05:25:00,23.01,43.2,0,76.0,0
2026-01-04 05:30:00,22.99,42.5,0,123.5,0
2026-01-04 05:35:00,23.17,45.9,0,157.5,0
2026-01-04 05:40:00,23.46,46.7,0,125.6,0
2026-01-04 05:45:00,23.65,46.6,0,133.4,0
2026-01-04 05:50:00,23.12,43.1,0,148.3,0
2026-01-04 05:55:00,23.24,39.3,1,142.9,0
2026-01-04 06:00:00,22.54,41.5,1,119.1,0
2026-01-04 06:05:00,22.96,48.0,0,152.2,0
2026-01-04 06:10:00,23.37,44.5,1,186.4,0
2026-01-04 06:15:00,23.34,44.0,0,128.3,0
2026-01-04 06:20:00,23.08,49.0,0,151.8,0
2026-01-04 06:25:00,23.34,48.4,0,124.9,0
2026-01-04 06:30:00,23.18,46.1,0,197.8,0
2026-01-04 06:35:00,23.46,45.6,0,170.0,0
2026-01-04 06:40:00,23.09,46.1,0,150.5,0
2026-01-04 06:45:00,22.82,47.0,0,182.0,0
2026-01-04 06:50:00,23.09,49.9,0,146.4,0
2026-01-04 06:55:00,21.77,47.7,0,154.6,0
2026-01-04 07:00:00,23.09,48.5,0,145.0,0
2026-01-04 07:05:00,21.46,49.6,0,160.0,0
2026-01-04 07:10:00,22.22,45.1,0,235.8,0
2026-01-04 07:15:00,23.07,49.1,0,176.2,0
2026-01-04 07:20:00,23.07,47.1,0,215.3,0
2026-01-04 07:25:00,22.4,42.9,0,179.3,0
2026-01-04 07:30:00,22.56,43.8,0,230.2,0
2026-01-04 07:35:00,23.38,46.2,0,179.6,0
2026-01-04 07:40:00,22.62,49.4,0,214.6,0
2026-01-04 07:45:00,23.69,48.8,0,217.9,0
2026-01-04 07:50:00,22.77,49.1,0,289.1,0
2026-01-04 07:55:00,22.92,52.7,0,241.1,0
2026-01-04 08:00:00,23.38,46.5,0,207.2,0
2026-01-04 08:05:00,22.76,49.1,0,248.4,0
2026-01-04 08:10:00,22.29,49.9,0,294.7,0
2026-01-04 08:15:00,22.62,48.0,0,184.4,0
2026-01-04 08:20:00,22.62,49.6,0,210.8,0
2026-01-04 08:25:00,22.07,46.5,1,231.6,0
2026-01-04 08:30:00,22.48,52.7,0,228.8,0
2026-01-04 08:35:00,22.26,48.6,0,233.9,0
2026-01-04 08:40:00,22.9,54.2,0,207.3,0
2026-01-04 08:45:00,22.52,50.2,0,291.0,0
2026-01-04 08:50:00,22.36,52.5,0,208.7,0
2026-01-04 08:55:00,22.4,50.4,0,247.7,0
2026-01-04 09:00:00,22.5,50.6,0,287.4,0
2026-01-04 09:05:00,22.63,49.6,0,257.4,0
2026-01-04 09:10:00,21.95,51.1,0,231.2,0
2026-01-04 09:15:00,21.9,51.7,0,222.3,0
2026-01-04 09:20:00,22.73,49.6,0,258.0,0
2026-01-04 09:25:00,22.09,51.0,0,244.3,0
2026-01-04 09:30:00,21.65,50.1,0,275.2,0
2026-01-04 09:35:00,22.36,56.1,0,228.9,0
2026-01-04 09:40:00,22.33,51.4,0,915.7,1
2026-01-04 09:45:00,21.5,54.7,0,278.2,0
2026-01-04 09:50:00,22.17,51.4,0,282.2,0
2026-01-04 09:55:00,22.33,52.4,0,321.5,0
2026-01-04 10:00:00,22.15,49.3,0,266.8,0
2026-01-04 10:05:00,22.21,51.1,0,259.7,0
2026-01-04 10:10:00,21.36,52.5,0,266.6,0
2026-01-04 10:15:00,22.02,55.3,0,1039.2,1
2026-01-04 10:20:00,21.72,52.7,0,283.2,0
2026-01-04 10:25:00,21.61,55.1,1,262.4,0
2026-01-04 10:30:00,22.11,53.7,0,227.9,0
2026-01-04 10:35:00,22.32,55.7,0,273.0,0
2026-01-04 10:40:00,22.4,52.4,0,301.7,0
2026-01-04 10:45:00,22.17,57.4,0,296.1,0
2026-01-04 10:50:00,21.56,51.7,0,329.0,0
2026-01-04 10:55:00,21.7,51.1,0,352.7,0
2026-01-04 11:00:00,21.82,50.3,0,1017.9,1
2026-01-04 11:05:00,21.52,57.4,0,337.2,0
2026-01-04 11:10:00,21.49,54.4,0,319.4,0
2026-01-04 11:15:00,21.72,52.2,0,348.4,0
2026-01-04 11:20:00,21.32,55.4,0,353.2,0
2026-01-04 11:25:00,21.01,54.3,0,326.8,0
2026-01-04 11:30:00,21.1,56.9,0,319.9,0
2026-01-04 11:35:00,21.47,49.9,0,293.0,0
2026-01-04 11:40:00,21.18,52.4,0,298.2,0
2026-01-04 11:45:00,21.27,52.1,0,289.5,0
2026-01-04 11:50:00,21.36,49.0,0,318.5,1
2026-01-04 11:55:00,20.89,55.1,0,278.4,0
2026-01-04 12:00:00,21.3,52.5,1,294.3,0
2026-01-04 12:05:00,21.11,54.5,0,229.3,0
2026-01-04 12:10:00,20.42,57.7,0,351.5,0
2026-01-04 12:15:00,21.45,52.3,0,293.1,0
2026-01-04 12:20:00,20.63,52.1,0,313.1,0
2026-01-04 12:25:00,20.12,53.2,0,342.8,0
2026-01-04 12:30:00,20.32,54.9,0,307.7,0
2026-01-04 12:35:00,20.29,51.8,0,341.6,0
2026-01-04 12:40:00,20.67,51.6,0,260.5,0
2026-01-04 12:45:00,20.5,55.0,0,369.0,0
2026-01-04 12:50:00,20.43,53.6,0,329.1,0
2026-01-04 12:55:00,20.77,48.7,0,302.0,0
2026-01-04 13:00:00,20.62,50.3,1,337.6,0
2026-01-04 13:05:00,20.57,55.7,0,258.9,0
2026-01-04 13:10:00,20.56,53.4,0,284.4,0
2026-01-04 13:15:00,20.6,51.1,0,335.4,0
2026-01-04 13:20:00,19.47,52.2,1,234.9,0
2026-01-04 13:25:00,20.13,52.5,0,306.6,0
2026-01-04 13:30:00,19.36,53.9,0,304.5,0
2026-01-04 13:35:00,20.21,49.6,0,346.4,0
2026-01-04 13:40:00,20.15,50.6,0,238.5,0
2026-01-04 13:45:00,20.53,52.7,0,332.8,0
2026-01-04 13:50:00,20.55,51.9,0,266.3,0
2026-01-04 13:55:00,20.12,53.2,1,268.1,0
2026-01-04 14:00:00,19.8,49.5,0,243.2,0
2026-01-04 14:05:00,20.16,52.6,0,245.6,0
2026-01-04 14:10:00,19.71,53.9,0,288.6,0
2026-01-04 14:15:00,19.89,52.6,0,241.4,0
2026-01-04 14:20:00,20.25,51.8,0,295.1,0
2026-01-04 14:25:00,19.59,51.3,0,251.1,0
2026-01-04 14:30:00,20.1,49.7,0,232.6,0
2026-01-04 14:35:00,20.02,51.1,0,251.1,0
2026-01-04 14:40:00,19.33,53.6,0,275.0,0
2026-01-04 14:45:00,20.07,50.8,0,254.5,0
2026-01-04 14:50:00,19.93,49.1,1,261.6,0
2026-01-04 14:55:00,19.66,49.8,1,279.2,0
2026-01-04 15:00:00,19.28,51.1,0,288.5,0
2026-01-04 15:05:00,19.21,49.8,0,244.4,0
2026-01-04 15:10:00,19.31,51.4,0,220.0,0
2026-01-04 15:15:00,19.71,51.3,0,251.2,0
2026-01-04 15:20:00,19.09,51.9,0,260.5,0
2026-01-04 15:25:00,19.62,52.9,0,200.1,0
2026-01-04 15:30:00,18.92,51.9,0,214.6,0
2026-01-04 15:35:00,19.31,47.9,0,217.1,0
2026-01-04 15:40:00,19.41,47.8,0,229.8,0
2026-01-04 15:45:00,20.32,49.3,0,210.5,0
2026-01-04 15:50:00,18.76,48.4,0,251.8,0
2026-01-04 15:55:00,19.88,46.9,0,179.7,0
2026-01-04 16:00:00,19.33,48.1,0,946.4,1
2026-01-04 16:05:00,19.41,47.9,1,212.1,0
2026-01-04 16:10:00,29.27,47.4,0,214.0,1
2026-01-04 16:15:00,19.38,47.9,0,172.7,0
2026-01-04 16:20:00,19.13,50.7,1,195.2,0
2026-01-04 16:25:00,19.75,48.6,1,1078.0,1
2026-01-04 16:30:00,18.97,53.0,0,195.6,0
2026-01-04 16:35:00,19.59,48.2,0,208.9,0
2026-01-04 16:40:00,18.86,47.2,0,181.5,0
2026-01-04 16:45:00,19.08,47.6,0,242.6,0
2026-01-04 16:50:00,18.66,47.9,0,209.8,0
2026-01-04 16:55:00,19.26,48.1,0,167.8,0
2026-01-04 17:00:00,19.65,51.2,0,191.7,0
2026-01-04 17:05:00,19.03,45.2,0,974.9,1
2026-01-04 17:10:00,18.97,48.4,0,218.9,0
2026-01-04 17:15:00,18.59,47.0,0,161.3,0
2026-01-04 17:20:00,18.94,87.2,0,199.1,1
2026-01-04 17:25:00,18.39,47.8,0,174.1,0
2026-01-04 17:30:00,18.65,48.6,0,214.3,0
2026-01-04 17:35:00,19.1,44.2,0,205.1,0
2026-01-04 17:40:00,19.54,45.7,0,169.0,0
2026-01-04 17:45:00,20.13,42.1,0,151.9,0
2026-01-04 17:50:00,18.77,42.8,0,171.7,0
2026-01-04 17:55:00,19.57,47.3,1,147.9,0
2026-01-04 18:00:00,19.1,44.1,0,200.4,0
2026-01-04 18:05:00,18.94,42.6,1,149.1,0
2026-01-04 18:10:00,19.17,45.1,0,131.3,0
2026-01-04 18:15:00,19.03,43.4,1,126.4,0
2026-01-04 18:20:00,19.05,43.4,0,100.5,0
2026-01-04 18:25:00,18.85,45.6,0,150.4,0
2026-01-04 18:30:00,18.46,41.6,0,105.8,0
2026-01-04 18:35:00,18.41,42.0,0,160.1,0
2026-01-04 18:40:00,19.29,43.9,1,85.2,0
2026-01-04 18:45:00,18.93,45.4,0,124.6,0
2026-01-04 18:50:00,18.81,45.7,1,152.0,0
2026-01-04 18:55:00,19.06,41.8,0,49.8,0
2026-01-04 19:00:00,19.39,44.8,1,171.7,0
2026-01-04 19:05:00,19.15,41.2,0,95.3,0
2026-01-04 19:10:00,18.83,46.2,0,109.1,0
2026-01-04 19:15:00,19.6,40.2,0,118.9,0
2026-01-04 19:20:00,19.75,44.9,0,120.5,0
2026-01-04 19:25:00,19.33,40.8,0,103.9,0
2026-01-04 19:30:00,19.54,46.0,0,122.5,0
2026-01-04 19:35:00,19.67,43.0,0,105.2,0
2026-01-04 19:40:00,29.64,39.6,0,139.4,1
2026-01-04 19:45:00,19.45,40.4,0,99.3,0
2026-01-04 19:50:00,19.47,42.9,0,139.7,0
2026-01-04 19:55:00,19.45,43.3,0,104.9,0
2026-01-04 20:00:00,18.83,40.9,0,20.8,0
2026-01-04 20:05:00,19.57,40.9,0,150.5,0
2026-01-04 20:10:00,18.77,42.2,0,52.2,0
2026-01-04 20:15:00,19.02,40.8,0,111.5,0
2026-01-04 20:20:00,19.88,37.8,0,64.8,0
2026-01-04 20:25:00,11.72,38.6,0,93.1,1
2026-01-04 20:30:00,20.01,40.6,0,38.0,0
2026-01-04 20:35:00,19.33,42.4,1,74.9,0
2026-01-04 20:40:00,19.01,43.1,1,46.0,0
2026-01-04 20:45:00,19.4,41.3,0,98.5,0
2026-01-04 20:50:00,19.57,40.2,1,61.8,0
2026-01-04 20:55:00,19.59,41.0,1,74.4,0
2026-01-04 21:00:00,20.04,38.0,0,0.0,0
2026-01-04 21:05:00,19.47,38.9,0,39.1,0
2026-01-04 21:10:00,19.79,37.5,0,51.7,0
2026-01-04 21:15:00,19.29,36.5,0,43.9,0
2026-01-04 21:20:00,19.89,39.5,0,63.9,0
2026-01-04 21:25:00,19.75,39.1,0,22.0,0
2026-01-04 21:30:00,19.48,40.0,0,32.5,0
2026-01-04 21:35:00,19.72,39.6,1,64.5,1
2026-01-04 21:40:00,19.78,38.9,0,0.0,0
2026-01-04 21:45:00,19.78,39.5,0,43.0,0
2026-01-04 21:50:00,20.63,38.2,1,13.5,0
2026-01-04 21:55:00,19.92,39.0,0,0.0,0
2026-01-04 22:00:00,19.9,36.6,1,30.2,0
2026-01-04 22:05:00,19.2,38.7,1,55.3,0
2026-01-04 22:10:00,19.72,39.2,0,48.1,0
2026-01-04 22:15:00,20.01,36.5,0,11.4,0
2026-01-04 22:20:00,19.88,37.9,0,40.3,0
2026-01-04 22:25:00,20.75,36.4,1,38.7,0
2026-01-04 22:30:00,20.17,36.6,0,8.8,0
2026-01-04 22:35:00,20.79,35.3,0,0.0,0
2026-01-04 22:40:00,20.34,40.0,0,0.0,0
2026-01-04 22:45:00,20.37,39.6,0,33.1,0
2026-01-04 22:50:00,20.36,38.4,0,5.7,0
2026-01-04 22:55:00,20.44,41.3,0,0.0,0
2026-01-04 23:00:00,21.17,36.9,0,0.0,0
2026-01-04 23:05:00,19.6,43.3,0,29.3,0
2026-01-04 23:10:00,19.77,36.7,0,0.0,0
2026-01-04 23:15:00,20.39,37.7,1,12.8,0
2026-01-04 23:20:00,20.66,36.3,0,39.5,0
2026-01-04 23:25:00,20.97,37.8,0,0.0,0
2026-01-04 23:30:00,30.93,38.7,0,0.0,1
2026-01-04 23:35:00,20.63,36.8,0,0.0,0
2026-01-04 23:40:00,21.23,40.6,0,12.0,0
2026-01-04 23:45:00,21.28,37.5,0,37.5,0
2026-01-04 23:50:00,20.99,37.5,0,0.0,0
2026-01-04 23:55:00,21.34,35.2,0,17.1,0
2026-01-05 00:00:00,21.11,37.8,0,30.9,0
2026-01-05 00:05:00,20.82,36.7,0,0.0,0
2026-01-05 00:10:00,21.37,35.8,1,0.0,0
2026-01-05 00:15:00,21.18,35.5,0,12.9,0
2026-01-05 00:20:00,21.17,42.4,0,10.9,0
2026-01-05 00:25:00,21.81,36.5,1,18.4,0
2026-01-05 00:30:00,20.28,90.4,0,18.1,1
2026-01-05 00:35:00,20.74,35.7,0,0.0,0
2026-01-05 00:40:00,20.87,37.0,0,32.0,0
2026-01-05 00:45:00,21.24,38.2,0,37.9,0
2026-01-05 00:50:00,21.33,38.3,0,9.1,0
2026-01-05 00:55:00,20.87,38.6,0,0.0,0
2026-01-05 01:00:00,21.12,36.0,0,1.7,0
2026-01-05 01:05:00,21.22,38.0,0,11.8,0
2026-01-05 01:10:00,22.58,35.6,0,0.0,0
2026-01-05 01:15:00,22.36,36.2,0,0.0,0
2026-01-05 01:20:00,21.52,35.6,0,0.0,0
2026-01-05 01:25:00,21.58,35.2,0,28.4,0
2026-01-05 01:30:00,21.31,39.7,0,16.4,0
2026-01-05 01:35:00,21.04,39.1,1,0.0,0
2026-01-05 01:40:00,21.8,39.7,0,24.6,0
2026-01-05 01:45:00,21.49,37.9,0,13.8,0
2026-01-05 01:50:00,21.89,39.5,0,32.4,0
2026-01-05 01:55:00,21.32,34.5,0,6.7,0
2026-01-05 02:00:00,21.7,39.8,0,0.0,0
2026-01-05 02:05:00,22.1,38.5,0,0.0,0
2026-01-05 02:10:00,22.22,39.5,0,7.3,0
2026-01-05 02:15:00,22.28,39.1,0,25.8,0
2026-01-05 02:20:00,21.62,36.5,0,31.6,0
2026-01-05 02:25:00,22.52,35.6,0,23.3,0
2026-01-05 02:30:00,21.9,37.2,0,18.3,0
2026-01-05 02:35:00,22.5,39.9,0,22.5,0
2026-01-05 02:40:00,22.28,40.3,0,110.3,0
2026-01-05 02:45:00,21.77,36.2,0,14.1,0
2026-01-05 02:50:00,22.22,37.1,0,22.7,0
2026-01-05 02:55:00,22.53,37.8,0,140.5,0
2026-01-05 03:00:00,22.66,38.6,0,56.6,0
2026-01-05 03:05:00,22.39,36.7,0,4.9,0
2026-01-05 03:10:00,23.09,36.8,0,73.9,0
2026-01-05 03:15:00,22.91,38.1,1,23.8,0
2026-01-05 03:20:00,22.43,40.0,0,80.9,0
2026-01-05 03:25:00,22.86,37.6,0,49.8,0
2026-01-05 03:30:00,23.36,39.9,0,45.5,0
2026-01-05 03:35:00,23.4,42.4,0,109.6,0
2026-01-05 03:40:00,22.15,37.8,0,81.0,0
2026-01-05 03:45:00,14.29,40.1,0,95.9,1
2026-01-05 03:50:00,23.28,42.8,0,82.5,0
2026-01-05 03:55:00,22.29,40.0,0,58.9,0
2026-01-05 04:00:00,22.2,39.9,0,93.3,0
2026-01-05 04:05:00,22.56,43.5,0,114.1,0
2026-01-05 04:10:00,22.94,40.7,0,84.8,0
2026-01-05 04:15:00,22.75,43.7,0,137.7,0
2026-01-05 04:20:00,22.55,42.5,0,112.1,0
2026-01-05 04:25:00,22.56,41.1,1,95.9,0
2026-01-05 04:30:00,22.56,42.9,0,100.1,0
2026-01-05 04:35:00,22.51,42.7,0,99.8,0
2026-01-05 04:40:00,23.79,44.3,0,61.2,0
2026-01-05 04:45:00,23.01,41.3,0,99.1,0
2026-01-05 04:50:00,23.26,42.7,1,111.5,0
2026-01-05 04:55:00,22.72,42.6,0,95.5,0
2026-01-05 05:00:00,22.86,44.3,0,121.3,0
2026-01-05 05:05:00,22.66,41.0,0,115.0,0
2026-01-05 05:10:00,21.89,45.3,0,140.7,0
2026-01-05 05:15:00,22.41,44.4,0,140.6,0
2026-01-05 05:20:00,32.25,41.0,0,129.0,1
2026-01-05 05:25:00,22.08,97.1,0,86.2,1
2026-01-05 05:30:00,22.5,48.4,0,184.1,0
2026-01-05 05:35:00,23.52,46.1,0,129.4,0
2026-01-05 05:40:00,22.97,47.2,0,134.5,0
2026-01-05 05:45:00,23.51,44.6,0,129.9,0
2026-01-05 05:50:00,23.16,41.3,1,128.8,0
2026-01-05 05:55:00,23.31,41.1,0,193.0,0
2026-01-05 06:00:00,22.64,45.5,0,191.6,0
2026-01-05 06:05:00,23.21,44.0,0,166.6,0
2026-01-05 06:10:00,23.29,43.5,1,153.3,0
2026-01-05 06:15:00,22.77,45.4,0,178.4,0
2026-01-05 06:20:00,15.22,46.9,0,165.3,1
2026-01-05 06:25:00,23.21,43.0,1,160.6,0
2026-01-05 06:30:00,22.76,45.1,0,179.7,0
2026-01-05 06:35:00,22.53,49.2,0,159.6,0
2026-01-05 06:40:00,22.5,44.2,0,183.6,0
2026-01-05 06:45:00,23.0,48.3,0,185.4,0
2026-01-05 06:50:00,23.08,45.8,0,200.6,0
2026-01-05 06:55:00,22.63,48.0,0,167.1,0
2026-01-05 07:00:00,22.94,49.3,0,210.1,0
2026-01-05 07:05:00,23.15,48.7,0,164.8,0
2026-01-05 07:10:00,23.15,49.2,0,177.9,0
2026-01-05 07:15:00,23.51,45.3,0,182.3,0
2026-01-05 07:20:00,23.39,50.0,0,1189.4,1
2026-01-05 07:25:00,22.46,46.2,0,234.8,0
2026-01-05 07:30:00,23.52,48.6,0,178.3,0
2026-01-05 07:35:00,22.62,48.7,0,189.4,0
2026-01-05 07:40:00,23.23,49.4,0,251.1,0
2026-01-05 07:45:00,22.82,49.2,0,199.2,0
2026-01-05 07:50:00,22.61,47.0,0,213.6,0
2026-01-05 07:55:00,22.03,46.1,1,191.8,0
2026-01-05 08:00:00,22.66,50.7,0,250.0,0
2026-01-05 08:05:00,22.09,49.5,0,253.2,0
2026-01-05 08:10:00,23.07,51.6,0,252.8,0
2026-01-05 08:15:00,23.27,49.4,1,249.5,0
2026-01-05 08:20:00,22.32,46.8,0,238.2,0
2026-01-05 08:25:00,22.73,51.7,0,223.0,0
2026-01-05 08:30:00,22.3,49.1,0,216.9,0
2026-01-05 08:35:00,32.31,50.7,0,282.6,1
2026-01-05 08:40:00,22.84,48.8,0,269.4,0
2026-01-05 08:45:00,22.49,53.6,0,228.1,0
2026-01-05 08:50:00,23.17,48.7,0,252.5,0
2026-01-05 08:55:00,22.25,49.9,0,244.7,0
2026-01-05 09:00:00,22.81,50.9,0,222.2,0
2026-01-05 09:05:00,22.42,48.6,0,263.7,0
2026-01-05 09:10:00,22.67,51.6,0,248.1,0
2026-01-05 09:15:00,22.14,54.2,0,234.2,0
2026-01-05 09:20:00,22.27,50.1,0,220.5,0
2026-01-05 09:25:00,22.21,52.0,0,220.1,0
2026-01-05 09:30:00,21.88,45.8,0,257.9,0
2026-01-05 09:35:00,22.45,51.4,1,268.4,0
2026-01-05 09:40:00,22.41,50.9,0,246.6,0
2026-01-05 09:45:00,22.35,50.0,0,294.2,0
2026-01-05 09:50:00,22.69,53.9,0,274.5,0
2026-01-05 09:55:00,22.62,51.2,0,295.5,0
2026-01-05 10:00:00,21.85,51.6,0,274.4,0
2026-01-05 10:05:00,22.11,51.3,0,257.9,0
2026-01-05 10:10:00,21.67,48.3,0,286.5,0
2026-01-05 10:15:00,21.89,49.9,0,246.7,0
2026-01-05 10:20:00,21.61,54.2,0,302.1,0
2026-01-05 10:25:00,22.45,48.1,0,259.2,0
2026-01-05 10:30:00,21.91,50.9,1,316.1,0
2026-01-05 10:35:00,21.64,51.7,0,279.6,0
2026-01-05 10:40:00,22.16,56.0,0,322.8,0
2026-01-05 10:45:00,20.77,54.1,0,258.4,0
2026-01-05 10:50:00,20.8,51.5,0,272.7,0
2026-01-05 10:55:00,21.88,55.3,0,305.4,0
2026-01-05 11:00:00,21.54,51.2,0,330.0,0
2026-01-05 11:05:00,21.58,54.8,0,345.7,0
2026-01-05 11:10:00,20.9,50.1,0,297.7,0
2026-01-05 11:15:00,21.38,55.0,0,352.3,0
2026-01-05 11:20:00,22.15,52.1,0,289.0,0
2026-01-05 11:25:00,21.63,50.8,0,331.2,0
2026-01-05 11:30:00,21.33,52.5,0,270.5,0
2026-01-05 11:35:00,21.04,53.5,0,311.7,0
2026-01-05 11:40:00,21.02,52.0,1,229.2,0
2026-01-05 11:45:00,20.28,54.1,0,266.0,0
2026-01-05 11:50:00,21.19,51.8,0,313.9,0
2026-01-05 11:55:00,21.38,54.2,0,260.6,0
2026-01-05 12:00:00,20.37,53.9,0,312.8,0
2026-01-05 12:05:00,20.69,52.9,0,327.2,0
2026-01-05 12:10:00,20.45,52.1,0,284.8,0
2026-01-05 12:15:00,20.48,53.3,0,270.6,0
2026-01-05 12:20:00,20.85,54.1,0,285.2,0
2026-01-05 12:25:00,19.95,57.1,0,270.1,0
2026-01-05 12:30:00,20.98,54.8,0,295.7,0
2026-01-05 12:35:00,21.0,54.9,0,301.3,0
2026-01-05 12:40:00,20.55,59.1,0,288.5,0
2026-01-05 12:45:00,29.62,53.9,1,347.3,1
2026-01-05 12:50:00,20.17,53.8,0,274.9,0
2026-01-05 12:55:00,21.02,54.2,0,337.4,0
2026-01-05 13:00:00,19.37,50.7,0,263.7,0
2026-01-05 13:05:00,20.3,51.8,0,296.2,0
2026-01-05 13:10:00,19.93,51.6,0,328.6,0
2026-01-05 13:15:00,20.68,53.9,0,326.0,0
2026-01-05 13:20:00,20.05,52.2,0,278.3,0
2026-01-05 13:25:00,20.44,52.7,0,1191.1,1
2026-01-05 13:30:00,20.46,54.6,0,301.2,0
2026-01-05 13:35:00,20.93,54.0,0,271.1,0
2026-01-05 13:40:00,12.07,51.9,0,304.4,1
2026-01-05 13:45:00,20.27,50.8,0,340.4,0
2026-01-05 13:50:00,19.48,54.4,0,297.2,0
2026-01-05 13:55:00,20.51,53.6,0,298.5,0
2026-01-05 14:00:00,19.7,48.7,0,300.1,0
2026-01-05 14:05:00,19.74,51.2,0,234.4,0
2026-01-05 14:10:00,19.92,52.1,1,290.3,0
2026-01-05 14:15:00,19.26,53.2,0,244.2,0
2026-01-05 14:20:00,19.94,53.4,0,255.2,0
2026-01-05 14:25:00,20.2,52.0,0,335.8,0
2026-01-05 14:30:00,29.9,52.5,0,261.4,1
2026-01-05 14:35:00,19.11,51.4,0,244.8,0
2026-01-05 14:40:00,19.66,49.8,0,299.5,0
2026-01-05 14:45:00,19.98,50.5,1,234.3,0
2026-01-05 14:50:00,18.9,50.9,0,247.2,0
2026-01-05 14:55:00,29.19,50.7,0,295.8,1
2026-01-05 15:00:00,19.94,46.9,0,257.3,0
2026-01-05 15:05:00,19.66,49.7,0,206.9,0
2026-01-05 15:10:00,19.69,50.5,0,267.7,0
2026-01-05 15:15:00,20.24,49.7,0,237.0,0
2026-01-05 15:20:00,19.66,49.6,0,292.6,0
2026-01-05 15:25:00,11.7,51.0,0,225.7,1
2026-01-05 15:30:00,20.5,47.7,0,272.9,0
2026-01-05 15:35:00,19.3,46.5,0,292.0,0
2026-01-05 15:40:00,19.04,48.9,0,210.5,0
2026-01-05 15:45:00,19.51,51.0,1,227.5,0
2026-01-05 15:50:00,19.49,52.7,0,242.3,0
2026-01-05 15:55:00,19.08,50.7,0,202.1,0
2026-01-05 16:00:00,18.85,46.1,0,233.1,0
2026-01-05 16:05:00,20.17,91.0,0,215.4,1
2026-01-05 16:10:00,19.36,49.2,0,211.9,0
2026-01-05 16:15:00,18.91,48.9,0,217.8,0
2026-01-05 16:20:00,19.55,49.5,0,1020.3,1
2026-01-05 16:25:00,19.13,46.4,0,215.3,0
2026-01-05 16:30:00,19.05,48.2,0,189.4,0
2026-01-05 16:35:00,19.36,48.7,0,187.7,0
2026-01-05 16:40:00,18.6,49.4,0,197.7,0
2026-01-05 16:45:00,19.25,46.0,0,196.9,0
2026-01-05 16:50:00,19.86,46.7,0,181.9,0
2026-01-05 16:55:00,19.27,41.8,0,201.7,0
2026-01-05 17:00:00,18.92,45.8,1,134.4,0
2026-01-05 17:05:00,18.85,45.9,0,163.7,0
2026-01-05 17:10:00,18.88,44.7,0,174.1,0
2026-01-05 17:15:00,18.94,46.9,0,153.6,0
2026-01-05 17:20:00,18.88,46.3,0,224.9,0
2026-01-05 17:25:00,19.39,41.7,0,173.4,0
2026-01-05 17:30:00,18.32,46.5,0,174.9,0
2026-01-05 17:35:00,19.36,44.0,0,151.8,0
2026-01-05 17:40:00,18.86,46.7,0,162.6,0
2026-01-05 17:45:00,19.16,43.0,1,123.4,0
2026-01-05 17:50:00,18.55,45.4,0,151.4,0
2026-01-05 17:55:00,19.53,44.6,1,125.2,0
2026-01-05 18:00:00,19.5,45.6,1,141.7,0
2026-01-05 18:05:00,19.38,45.1,0,69.9,0
2026-01-05 18:10:00,18.4,44.1,1,109.6,0
2026-01-05 18:15:00,19.34,41.4,0,184.1,0
2026-01-05 18:20:00,29.17,41.3,0,161.8,1
2026-01-05 18:25:00,18.37,43.0,0,173.2,0
2026-01-05 18:30:00,19.01,43.9,0,172.1,0
2026-01-05 18:35:00,19.17,42.6,1,147.4,0
2026-01-05 18:40:00,19.25,44.9,0,110.4,0
2026-01-05 18:45:00,19.11,42.9,1,89.6,0
2026-01-05 18:50:00,19.16,41.3,0,151.9,0
2026-01-05 18:55:00,19.65,42.5,0,116.3,0
2026-01-05 19:00:00,19.56,43.4,0,186.0,0
2026-01-05 19:05:00,17.93,43.4,0,97.1,0
2026-01-05 19:10:00,18.97,46.4,0,164.1,0
2026-01-05 19:15:00,19.04,41.1,0,97.1,0
2026-01-05 19:20:00,18.42,42.1,0,138.8,0
2026-01-05 19:25:00,19.17,43.0,0,146.5,0
2026-01-05 19:30:00,19.65,41.9,1,61.9,0
2026-01-05 19:35:00,18.73,40.8,1,75.0,0
2026-01-05 19:40:00,19.32,38.5,0,55.6,0
2026-01-05 19:45:00,18.84,40.4,0,46.8,0
2026-01-05 19:50:00,18.96,39.2,0,100.7,0
2026-01-05 19:55:00,19.84,37.7,0,72.0,0
2026-01-05 20:00:00,19.05,39.4,0,76.6,0
2026-01-05 20:05:00,19.48,38.8,0,88.9,0
2026-01-05 20:10:00,18.56,41.9,0,13.7,0
2026-01-05 20:15:00,20.08,41.8,0,105.3,0
2026-01-05 20:20:00,19.6,38.6,0,53.5,0
2026-01-05 20:25:00,19.31,39.7,0,77.3,0
2026-01-05 20:30:00,19.64,36.4,0,77.3,0
2026-01-05 20:35:00,18.88,39.0,0,97.2,0
2026-01-05 20:40:00,19.94,40.7,0,50.4,0
2026-01-05 20:45:00,19.37,41.4,0,0.0,0
2026-01-05 20:50:00,19.44,38.2,0,50.4,0
2026-01-05 20:55:00,19.36,41.6,0,52.3,0
2026-01-05 21:00:00,19.35,36.3,1,12.9,0
2026-01-05 21:05:00,19.89,36.7,0,46.1,0
2026-01-05 21:10:00,19.75,40.5,0,28.6,0
2026-01-05 21:15:00,19.94,42.3,0,0.0,0
2026-01-05 21:20:00,19.71,39.9,1,55.2,0
2026-01-05 21:25:00,19.95,38.7,0,16.1,0
2026-01-05 21:30:00,19.61,34.3,0,18.8,0
2026-01-05 21:35:00,20.71,34.5,0,15.2,0
2026-01-05 21:40:00,19.23,38.7,0,64.2,0
2026-01-05 21:45:00,20.39,37.6,0,24.1,0
2026-01-05 21:50:00,20.47,36.0,0,25.9,0
2026-01-05 21:55:00,19.62,38.3,0,8.5,0
2026-01-05 22:00:00,20.89,38.3,1,34.0,0
2026-01-05 22:05:00,20.44,39.9,0,59.0,0
2026-01-05 22:10:00,20.46,38.2,0,36.4,0
2026-01-05 22:15:00,20.13,40.3,0,36.1,0
2026-01-05 22:20:00,20.07,37.8,1,32.2,0
2026-01-05 22:25:00,20.11,37.4,0,0.0,0
2026-01-05 22:30:00,20.39,39.7,0,0.0,0
2026-01-05 22:35:00,20.84,35.6,0,4.0,0
2026-01-05 22:40:00,20.39,43.1,0,0.0,0
2026-01-05 22:45:00,19.99,38.2,0,0.0,0
2026-01-05 22:50:00,20.73,38.1,0,0.0,0
2026-01-05 22:55:00,20.81,38.4,0,0.0,0
2026-01-05 23:00:00,20.74,41.0,0,0.0,0
2026-01-05 23:05:00,20.82,38.8,0,2.2,0
2026-01-05 23:10:00,20.46,34.0,0,0.0,0
2026-01-05 23:15:00,20.24,40.0,0,5.2,0
2026-01-05 23:20:00,20.31,36.4,0,0.0,0
2026-01-05 23:25:00,20.04,37.3,0,34.5,0
2026-01-05 23:30:00,20.83,34.5,0,0.0,0
2026-01-05 23:35:00,20.75,38.1,0,21.8,0
2026-01-05 23:40:00,20.65,35.7,0,6.7,0
2026-01-05 23:45:00,19.69,37.2,0,0.0,0
2026-01-05 23:50:00,20.41,36.4,0,0.0,0
2026-01-05 23:55:00,21.4,40.9,0,0.0,0
2026-01-06 00:00:00,20.73,41.0,0,0.0,0
2026-01-06 00:05:00,21.19,37.1,0,0.0,0
2026-01-06 00:10:00,20.53,37.1,0,11.6,0
2026-01-06 00:15:00,21.71,36.3,0,0.0,0
2026-01-06 00:20:00,21.12,39.2,0,1.0,0
2026-01-06 00:25:00,21.33,36.4,1,18.1,0
2026-01-06 00:30:00,22.19,36.2,0,28.5,0
2026-01-06 00:35:00,21.91,39.1,0,0.0,0
2026-01-06 00:40:00,21.22,36.0,0,2.8,0
2026-01-06 00:45:00,21.15,37.1,0,8.4,0
2026-01-06 00:50:00,21.3,34.0,0,50.0,0
2026-01-06 00:55:00,21.68,38.6,0,0.0,0
2026-01-06 01:00:00,21.48,41.2,0,0.0,0
2026-01-06 01:05:00,21.4,38.8,0,90.1,0
2026-01-06 01:10:00,22.19,40.3,0,0.0,0
2026-01-06 01:15:00,21.6,35.7,0,0.0,0
2026-01-06 01:20:00,22.6,38.0,0,0.0,0
2026-01-06 01:25:00,21.76,35.7,1,0.0,0
2026-01-06 01:30:00,22.48,37.2,0,18.6,0
2026-01-06 01:35:00,21.95,39.2,0,37.0,0
2026-01-06 01:40:00,22.23,38.0,0,0.0,0
2026-01-06 01:45:00,21.59,35.0,0,1106.3,1
2026-01-06 01:50:00,21.58,35.3,0,44.7,0
2026-01-06 01:55:00,22.15,35.2,0,0.0,0
2026-01-06 02:00:00,22.4,39.1,0,0.0,0
2026-01-06 02:05:00,22.05,42.3,0,14.9,0
2026-01-06 02:10:00,21.56,41.0,0,0.9,0
2026-01-06 02:15:00,21.57,34.6,0,16.5,0
2026-01-06 02:20:00,21.58,41.3,1,0.0,0
2026-01-06 02:25:00,21.48,40.4,0,35.5,0
2026-01-06 02:30:00,22.26,35.6,0,26.5,0
2026-01-06 02:35:00,22.7,38.2,0,1148.3,1
2026-01-06 02:40:00,22.28,41.1,0,41.1,0
2026-01-06 02:45:00,21.41,40.1,0,43.4,0
2026-01-06 02:50:00,22.27,36.5,0,0.0,0
2026-01-06 02:55:00,22.32,40.4,0,56.4,0
2026-01-06 03:00:00,23.25,35.1,0,34.0,0
2026-01-06 03:05:00,21.86,39.0,1,41.3,0
2026-01-06 03:10:00,22.32,41.9,0,80.1,0
2026-01-06 03:15:00,23.19,39.8,0,29.5,0
2026-01-06 03:20:00,22.71,38.9,0,94.1,0
2026-01-06 03:25:00,22.79,41.8,0,99.4,0
2026-01-06 03:30:00,22.63,42.1,0,81.3,0
2026-01-06 03:35:00,22.74,42.9,0,31.9,0
2026-01-06 03:40:00,22.95,42.2,0,0.0,0
2026-01-06 03:45:00,22.34,42.7,0,99.0,0
2026-01-06 03:50:00,23.04,42.2,0,72.7,0
2026-01-06 03:55:00,22.16,41.4,0,49.8,0
2026-01-06 04:00:00,22.86,41.2,0,110.2,0
2026-01-06 04:05:00,22.82,40.7,0,52.0,0
2026-01-06 04:10:00,22.53,38.9,0,68.0,0
2026-01-06 04:15:00,22.78,39.6,0,958.4,1
2026-01-06 04:20:00,22.56,41.1,0,53.2,0
2026-01-06 04:25:00,22.4,42.3,0,86.3,0
2026-01-06 04:30:00,22.71,44.8,0,125.3,0
2026-01-06 04:35:00,22.42,42.0,0,102.0,0
2026-01-06 04:40:00,23.01,44.3,0,136.1,0
2026-01-06 04:45:00,22.43,44.6,0,135.8,0
2026-01-06 04:50:00,23.19,42.1,0,105.1,0
2026-01-06 04:55:00,22.45,44.0,1,37.9,0
2026-01-06 05:00:00,22.71,42.4,0,78.0,0
2026-01-06 05:05:00,22.69,45.7,0,137.2,0
2026-01-06 05:10:00,23.48,44.5,0,71.0,0
2026-01-06 05:15:00,23.09,41.1,0,110.9,0
2026-01-06 05:20:00,22.88,43.9,0,134.1,0
2026-01-06 05:25:00,23.18,47.1,0,171.3,0
2026-01-06 05:30:00,22.14,43.6,0,113.2,0
2026-01-06 05:35:00,22.97,45.0,1,114.4,0
2026-01-06 05:40:00,23.79,45.4,0,135.4,0
2026-01-06 05:45:00,23.05,42.4,0,150.7,0
2026-01-06 05:50:00,23.03,45.7,0,138.8,0
2026-01-06 05:55:00,23.22,42.0,0,178.2,0
2026-01-06 06:00:00,23.36,43.7,1,126.0,0
2026-01-06 06:05:00,22.2,47.3,0,156.9,0
2026-01-06 06:10:00,22.33,46.1,0,169.9,0
2026-01-06 06:15:00,23.08,44.9,0,147.8,0
2026-01-06 06:20:00,22.71,46.6,1,188.3,0
2026-01-06 06:25:00,23.51,45.8,0,170.8,0
2026-01-06 06:30:00,22.86,46.1,0,193.2,0
2026-01-06 06:35:00,22.2,47.5,0,178.6,0
2026-01-06 06:40:00,22.46,44.9,0,187.3,0
2026-01-06 06:45:00,21.86,46.6,0,160.3,0
2026-01-06 06:50:00,22.86,46.1,0,163.5,0
2026-01-06 06:55:00,22.87,43.7,0,222.4,0
2026-01-06 07:00:00,22.76,45.2,0,207.9,0
2026-01-06 07:05:00,23.35,50.4,1,161.3,0
2026-01-06 07:10:00,23.39,48.2,0,200.5,0
2026-01-06 07:15:00,22.83,44.9,0,127.0,0
2026-01-06 07:20:00,22.03,44.7,0,184.1,0
2026-01-06 07:25:00,23.11,47.7,0,233.2,0
2026-01-06 07:30:00,23.07,51.2,1,203.6,0
2026-01-06 07:35:00,22.95,86.6,0,213.9,1
2026-01-06 07:40:00,23.21,51.0,0,122.9,0
2026-01-06 07:45:00,22.33,49.2,0,204.6,0
2026-01-06 07:50:00,23.58,49.6,1,229.4,0
2026-01-06 07:55:00,22.37,46.2,0,236.1,0
2026-01-06 08:00:00,23.03,50.9,0,253.9,0
2026-01-06 08:05:00,22.03,48.5,0,221.5,0
2026-01-06 08:10:00,22.31,51.0,0,225.6,0
2026-01-06 08:15:00,23.27,47.8,1,193.4,0
2026-01-06 08:20:00,22.53,49.9,1,229.9,0
2026-01-06 08:25:00,22.95,50.4,0,200.8,0
2026-01-06 08:30:00,22.68,49.6,0,185.9,0
2026-01-06 08:35:00,22.52,50.8,0,211.3,0
2026-01-06 08:40:00,23.08,49.6,1,291.7,0
2026-01-06 08:45:00,22.41,49.0,0,240.8,0
2026-01-06 08:50:00,21.76,53.6,0,257.9,0
2026-01-06 08:55:00,22.12,52.6,0,238.3,0
2026-01-06 09:00:00,22.63,49.1,0,202.3,0
2026-01-06 09:05:00,22.54,51.9,0,286.4,0
2026-01-06 09:10:00,21.72,49.4,0,195.4,0
2026-01-06 09:15:00,22.03,48.6,0,246.1,0
2026-01-06 09:20:00,22.05,53.2,0,263.3,0
2026-01-06 09:25:00,22.11,47.8,1,273.9,0
2026-01-06 09:30:00,21.67,53.2,0,247.2,0
2026-01-06 09:35:00,21.93,50.9,0,215.8,0
2026-01-06 09:40:00,21.86,51.1,0,248.8,0
2026-01-06 09:45:00,22.42,52.5,0,252.3,0
2026-01-06 09:50:00,22.4,52.9,0,253.3,0
2026-01-06 09:55:00,21.98,50.2,0,307.3,0
2026-01-06 10:00:00,21.84,53.4,0,243.5,0
2026-01-06 10:05:00,22.02,52.2,0,290.5,0
2026-01-06 10:10:00,21.6,49.6,0,287.8,0
2026-01-06 10:15:00,21.43,51.8,0,313.3,0
2026-01-06 10:20:00,21.47,55.0,0,282.0,0
2026-01-06 10:25:00,21.55,55.7,0,311.0,0
2026-01-06 10:30:00,21.3,53.8,0,283.4,0
2026-01-06 10:35:00,21.79,50.1,1,302.8,0
2026-01-06 10:40:00,21.98,53.5,0,245.9,0
2026-01-06 10:45:00,21.01,54.3,0,212.9,0
2026-01-06 10:50:00,21.61,54.1,0,304.4,0
2026-01-06 10:55:00,21.47,54.3,0,306.9,0
2026-01-06 11:00:00,21.65,53.5,0,309.2,0
2026-01-06 11:05:00,21.47,52.6,0,280.0,0
2026-01-06 11:10:00,20.85,51.6,0,341.1,0
2026-01-06 11:15:00,20.89,49.1,0,283.3,0
2026-01-06 11:20:00,21.36,53.6,0,1010.0,1
2026-01-06 11:25:00,21.72,53.3,0,316.1,0
2026-01-06 11:30:00,20.38,54.0,0,350.3,0
2026-01-06 11:35:00,21.36,50.3,0,289.6,0
2026-01-06 11:40:00,21.65,54.3,0,279.8,0
2026-01-06 11:45:00,21.07,57.1,0,254.7,0
2026-01-06 11:50:00,21.31,53.1,0,346.4,0
2026-01-06 11:55:00,20.76,52.9,0,312.6,0
2026-01-06 12:00:00,20.95,53.6,0,313.6,0
2026-01-06 12:05:00,20.31,57.1,0,393.5,0
2026-01-06 12:10:00,19.98,50.9,0,309.6,0
2026-01-06 12:15:00,21.25,53.4,0,260.6,0
2026-01-06 12:20:00,20.43,51.4,0,293.6,0
2026-01-06 12:25:00,20.6,51.9,0,269.9,0
2026-01-06 12:30:00,20.18,52.8,0,286.8,0
2026-01-06 12:35:00,20.13,55.6,1,286.2,0
2026-01-06 12:40:00,20.58,56.5,1,280.1,0
2026-01-06 12:45:00,20.32,53.7,0,255.3,0
2026-01-06 12:50:00,20.72,52.1,0,344.2,0
2026-01-06 12:55:00,20.71,57.8,0,304.7,1
2026-01-06 13:00:00,20.61,51.9,0,288.1,0
2026-01-06 13:05:00,20.54,51.5,1,316.7,0
2026-01-06 13:10:00,21.03,49.1,0,307.2,0
2026-01-06 13:15:00,19.93,55.4,0,300.3,0
2026-01-06 13:20:00,20.29,54.5,0,311.5,0
2026-01-06 13:25:00,20.73,57.3,0,293.8,0
2026-01-06 13:30:00,20.74,49.6,0,308.7,0
2026-01-06 13:35:00,19.63,55.2,0,309.9,0
2026-01-06 13:40:00,20.03,52.4,0,290.8,0
2026-01-06 13:45:00,20.66,53.8,1,277.9,0
2026-01-06 13:50:00,20.28,48.8,0,329.0,0
2026-01-06 13:55:00,20.12,54.9,1,267.2,0
2026-01-06 14:00:00,19.91,53.5,1,291.6,0
2026-01-06 14:05:00,19.81,51.8,0,290.7,0
2026-01-06 14:10:00,20.04,53.0,0,258.2,0
2026-01-06 14:15:00,19.79,50.1,0,250.5,0
2026-01-06 14:20:00,19.84,50.4,0,262.3,0
2026-01-06 14:25:00,19.85,50.5,0,256.2,0
2026-01-06 14:30:00,19.51,47.6,1,225.3,0
2026-01-06 14:35:00,19.96,53.0,0,247.4,0
2026-01-06 14:40:00,20.88,53.5,0,272.9,0
2026-01-06 14:45:00,18.97,49.6,0,300.8,0
2026-01-06 14:50:00,19.78,51.6,0,277.2,0
2026-01-06 14:55:00,19.31,50.2,0,180.4,0
2026-01-06 15:00:00,19.82,51.3,1,275.3,0
2026-01-06 15:05:00,19.57,49.3,0,237.0,0
2026-01-06 15:10:00,19.83,48.6,0,264.9,0
2026-01-06 15:15:00,19.97,52.4,0,248.5,0
2026-01-06 15:20:00,19.54,50.0,1,240.6,0
2026-01-06 15:25:00,19.89,54.1,1,240.8,0
2026-01-06 15:30:00,18.48,50.0,0,240.6,0
2026-01-06 15:35:00,20.02,47.9,1,279.0,0
2026-01-06 15:40:00,19.51,52.0,1,235.4,0
2026-01-06 15:45:00,19.77,95.8,0,265.9,1
2026-01-06 15:50:00,18.83,50.8,0,258.8,0
2026-01-06 15:55:00,18.96,51.5,0,247.8,0
2026-01-06 16:00:00,19.33,47.7,0,171.4,0
2026-01-06 16:05:00,19.24,48.6,0,255.6,0
2026-01-06 16:10:00,19.34,48.4,0,205.5,0
2026-01-06 16:15:00,19.64,46.0,0,237.8,0
2026-01-06 16:20:00,18.48,47.9,0,184.2,0
2026-01-06 16:25:00,19.56,50.9,0,174.9,0
2026-01-06 16:30:00,19.16,48.5,0,266.7,0
2026-01-06 16:35:00,19.05,45.2,0,175.7,0
2026-01-06 16:40:00,18.53,44.6,0,235.7,0
2026-01-06 16:45:00,19.31,50.9,0,201.8,0
2026-01-06 16:50:00,18.13,47.2,0,182.5,0
2026-01-06 16:55:00,19.34,45.9,0,190.6,0
2026-01-06 17:00:00,18.47,46.5,0,149.8,0
2026-01-06 17:05:00,19.08,43.9,0,185.2,0
2026-01-06 17:10:00,19.0,49.6,0,150.0,0
2026-01-06 17:15:00,19.51,45.8,0,167.4,0
2026-01-06 17:20:00,18.96,49.1,0,203.8,0
2026-01-06 17:25:00,18.75,46.3,0,180.4,0
2026-01-06 17:30:00,18.81,48.9,0,125.1,0
2026-01-06 17:35:00,19.52,46.4,1,191.9,0
2026-01-06 17:40:00,19.22,47.4,0,162.9,0
2026-01-06 17:45:00,18.85,47.0,0,143.5,0
2026-01-06 17:50:00,18.91,46.6,0,178.9,0
2026-01-06 17:55:00,18.37,45.9,0,148.3,0
2026-01-06 18:00:00,19.16,44.5,1,115.0,0
2026-01-06 18:05:00,18.3,48.7,0,202.2,1
2026-01-06 18:10:00,19.3,42.8,0,142.9,0
2026-01-06 18:15:00,19.06,44.5,0,137.7,0
2026-01-06 18:20:00,19.96,44.3,1,124.8,0
2026-01-06 18:25:00,18.57,44.9,0,169.1,0
2026-01-06 18:30:00,18.98,43.1,0,114.7,0
2026-01-06 18:35:00,19.74,44.4,0,80.8,0
2026-01-06 18:40:00,19.51,43.3,0,103.6,0
2026-01-06 18:45:00,18.76,40.3,1,160.5,0
2026-01-06 18:50:00,19.14,43.3,1,142.5,0
2026-01-06 18:55:00,19.06,40.9,0,106.7,0
2026-01-06 19:00:00,19.18,39.5,0,152.4,0
2026-01-06 19:05:00,18.8,43.0,0,130.5,0
2026-01-06 19:10:00,19.06,43.6,0,96.9,0
2026-01-06 19:15:00,18.47,43.5,0,96.8,0
2026-01-06 19:20:00,19.17,43.4,0,108.6,0
2026-01-06 19:25:00,19.32,38.2,0,70.7,0
2026-01-06 19:30:00,19.06,39.2,0,92.7,0
2026-01-06 19:35:00,18.52,45.7,0,98.8,0
2026-01-06 19:40:00,29.58,39.5,0,36.0,1
2026-01-06 19:45:00,19.35,42.7,0,78.0,0
2026-01-06 19:50:00,18.94,39.9,0,71.6,0
2026-01-06 19:55:00,19.13,41.3,0,108.7,0
2026-01-06 20:00:00,18.67,39.7,0,19.7,0
2026-01-06 20:05:00,18.88,42.0,1,60.7,0
2026-01-06 20:10:00,19.1,41.0,0,55.0,0
2026-01-06 20:15:00,19.83,39.7,0,95.5,0
2026-01-06 20:20:00,19.11,38.3,0,62.7,0
2026-01-06 20:25:00,19.64,40.8,1,115.2,0
2026-01-06 20:30:00,19.2,37.7,0,78.6,0
2026-01-06 20:35:00,19.54,40.8,0,902.6,1
2026-01-06 20:40:00,19.41,45.1,0,60.8,0
2026-01-06 20:45:00,19.85,42.4,0,40.5,0
2026-01-06 20:50:00,19.31,41.0,0,74.4,0
2026-01-06 20:55:00,18.93,39.3,0,6.3,0
2026-01-06 21:00:00,19.03,35.5,0,19.2,0
2026-01-06 21:05:00,19.4,36.6,0,55.3,0
2026-01-06 21:10:00,19.15,41.7,0,76.2,0
2026-01-06 21:15:00,19.85,90.1,0,0.0,1
2026-01-06 21:20:00,19.53,37.5,0,76.3,0
2026-01-06 21:25:00,20.7,38.4,0,28.8,0
2026-01-06 21:30:00,19.09,87.6,0,0.0,1
2026-01-06 21:35:00,19.9,36.1,1,0.0,0
2026-01-06 21:40:00,19.4,38.3,0,0.0,0
2026-01-06 21:45:00,19.69,36.6,0,24.7,0
2026-01-06 21:50:00,19.98,36.8,0,21.5,0
2026-01-06 21:55:00,19.03,36.6,0,40.8,0
2026-01-06 22:00:00,20.09,39.1,0,3.6,0
2026-01-06 22:05:00,20.8,37.5,0,0.0,0
2026-01-06 22:10:00,19.9,37.5,0,4.6,0
2026-01-06 22:15:00,20.22,39.0,0,16.5,0
2026-01-06 22:20:00,20.56,37.5,0,21.0,0
2026-01-06 22:25:00,20.13,37.1,0,0.0,0
2026-01-06 22:30:00,20.0,87.0,0,38.5,1
2026-01-06 22:35:00,19.36,38.9,0,0.0,0
2026-01-06 22:40:00,20.57,37.2,0,0.0,0
2026-01-06 22:45:00,20.31,37.6,0,0.0,0
2026-01-06 22:50:00,19.99,35.8,1,39.2,0
2026-01-06 22:55:00,20.49,35.6,0,2.0,0
2026-01-06 23:00:00,20.25,38.8,0,0.0,0
2026-01-06 23:05:00,20.31,38.1,1,32.1,0
2026-01-06 23:10:00,20.81,38.1,0,67.8,0
2026-01-06 23:15:00,20.07,37.7,0,9.2,0
2026-01-06 23:20:00,21.07,37.2,0,39.3,0
2026-01-06 23:25:00,20.14,38.5,0,32.8,0
2026-01-06 23:30:00,20.47,38.9,0,0.0,0
2026-01-06 23:35:00,21.55,38.9,0,1.7,0
2026-01-06 23:40:00,21.28,36.8,0,0.0,0
2026-01-06 23:45:00,20.91,39.8,0,0.0,0
2026-01-06 23:50:00,20.54,37.5,0,0.0,0
2026-01-06 23:55:00,20.74,38.3,0,0.0,0
2026-01-07 00:00:00,21.03,37.6,0,0.0,0
2026-01-07 00:05:00,21.06,37.5,0,0.0,0
2026-01-07 00:10:00,21.05,35.5,0,16.1,0
2026-01-07 00:15:00,21.12,38.4,0,0.0,0
2026-01-07 00:20:00,21.09,42.7,0,0.0,0
2026-01-07 00:25:00,20.64,36.3,0,0.0,0
2026-01-07 00:30:00,21.05,37.2,0,0.0,0
2026-01-07 00:35:00,21.67,36.2,0,9.1,0
2026-01-07 00:40:00,20.8,36.1,0,17.4,0
2026-01-07 00:45:00,21.31,40.2,0,10.6,0
2026-01-07 00:50:00,21.1,35.8,0,0.0,0
2026-01-07 00:55:00,21.52,36.3,0,11.7,0
2026-01-07 01:00:00,21.36,34.1,0,0.0,0
2026-01-07 01:05:00,22.15,35.8,1,0.0,0
2026-01-07 01:10:00,21.8,34.0,0,29.2,0
2026-01-07 01:15:00,21.12,38.7,0,32.5,0
2026-01-07 01:20:00,21.95,43.1,0,37.5,0
2026-01-07 01:25:00,21.42,36.8,0,0.0,0
2026-01-07 01:30:00,21.53,34.3,0,46.8,0
2026-01-07 01:35:00,21.93,39.5,0,0.0,0
2026-01-07 01:40:00,21.65,36.3,0,33.7,0
2026-01-07 01:45:00,22.24,40.4,0,0.1,0
2026-01-07 01:50:00,21.61,37.3,0,10.2,0
2026-01-07 01:55:00,13.71,36.7,0,0.0,1
2026-01-07 02:00:00,31.74,37.7,0,11.0,1
2026-01-07 02:05:00,21.81,39.7,0,24.5,0
2026-01-07 02:10:00,22.51,37.8,1,11.2,0
2026-01-07 02:15:00,22.36,37.4,0,78.0,0
2026-01-07 02:20:00,22.83,38.0,1,11.5,1
2026-01-07 02:25:00,23.09,36.0,0,12.1,0
2026-01-07 02:30:00,21.81,39.4,1,1100.2,1
2026-01-07 02:35:00,22.28,35.2,0,16.1,0
2026-01-07 02:40:00,21.82,38.0,1,66.0,0
2026-01-07 02:45:00,22.01,40.5,0,81.6,0
2026-01-07 02:50:00,22.1,39.7,0,18.4,0
2026-01-07 02:55:00,21.96,40.4,0,20.0,0
2026-01-07 03:00:00,21.99,39.2,0,9.2,0
2026-01-07 03:05:00,22.39,41.8,0,85.5,0
2026-01-07 03:10:00,21.99,41.4,0,82.3,0
2026-01-07 03:15:00,22.84,40.6,1,47.9,0
2026-01-07 03:20:00,22.16,41.7,0,11.7,0
2026-01-07 03:25:00,23.68,41.5,0,16.9,0
2026-01-07 03:30:00,22.41,39.3,0,63.8,0
2026-01-07 03:35:00,22.64,37.6,0,77.8,0
2026-01-07 03:40:00,22.12,41.3,0,2.0,0
2026-01-07 03:45:00,23.35,41.6,0,57.0,0
2026-01-07 03:50:00,23.13,42.9,0,118.0,0
2026-01-07 03:55:00,22.83,39.0,0,65.7,0
2026-01-07 04:00:00,22.19,39.2,0,119.7,0
2026-01-07 04:05:00,22.84,42.1,0,97.3,0
2026-01-07 04:10:00,22.33,41.2,1,48.2,0
2026-01-07 04:15:00,23.38,37.7,0,74.9,0
2026-01-07 04:20:00,23.14,42.4,0,82.7,0
2026-01-07 04:25:00,22.87,38.1,0,61.0,1
2026-01-07 04:30:00,21.87,40.0,0,63.5,0
2026-01-07 04:35:00,22.47,44.8,0,140.8,0
2026-01-07 04:40:00,23.15,45.9,0,69.4,0
2026-01-07 04:45:00,23.38,40.0,0,134.1,0
2026-01-07 04:50:00,23.35,41.9,0,91.8,0
2026-01-07 04:55:00,22.28,42.8,0,107.3,0
2026-01-07 05:00:00,23.05,46.5,0,128.0,0
2026-01-07 05:05:00,23.35,42.1,0,96.4,0
2026-01-07 05:10:00,22.29,42.3,0,134.6,0
2026-01-07 05:15:00,22.96,46.5,1,59.3,0
2026-01-07 05:20:00,23.08,42.9,0,137.1,0
2026-01-07 05:25:00,22.86,45.2,0,53.1,0
2026-01-07 05:30:00,22.24,41.0,0,123.6,0
2026-01-07 05:35:00,22.86,43.8,1,159.3,0
2026-01-07 05:40:00,22.86,41.0,0,155.6,0
2026-01-07 05:45:00,22.94,42.4,0,101.2,0
2026-01-07 05:50:00,22.77,46.3,0,108.4,0
2026-01-07 05:55:00,22.82,44.7,0,126.1,0
2026-01-07 06:00:00,22.98,44.4,1,155.6,0
2026-01-07 06:05:00,23.18,43.7,0,92.3,0
2026-01-07 06:10:00,22.88,44.9,1,156.1,0
2026-01-07 06:15:00,22.83,46.1,0,169.2,0
2026-01-07 06:20:00,23.03,47.7,0,154.6,0
2026-01-07 06:25:00,22.22,40.6,1,182.1,0
2026-01-07 06:30:00,23.17,44.4,0,176.3,0
2026-01-07 06:35:00,22.98,87.2,1,156.6,1
2026-01-07 06:40:00,22.99,46.2,0,118.0,0
2026-01-07 06:45:00,23.35,47.4,0,183.3,0
2026-01-07 06:50:00,22.17,47.3,0,153.9,0
2026-01-07 06:55:00,22.15,46.3,0,168.3,0
2026-01-07 07:00:00,23.04,46.0,0,203.2,0
2026-01-07 07:05:00,22.92,46.7,0,234.5,0
2026-01-07 07:10:00,22.98,49.7,0,194.0,0
2026-01-07 07:15:00,22.71,46.1,0,214.8,0
2026-01-07 07:20:00,23.15,47.6,0,158.0,0
2026-01-07 07:25:00,23.24,48.3,1,211.7,0
2026-01-07 07:30:00,23.04,51.2,0,205.6,0
2026-01-07 07:35:00,22.73,47.6,0,247.3,0
2026-01-07 07:40:00,21.97,50.3,0,197.2,0
2026-01-07 07:45:00,23.1,51.0,0,209.1,0
2026-01-07 07:50:00,23.26,48.6,0,251.0,0
2026-01-07 07:55:00,23.01,48.4,0,219.4,0
2026-01-07 08:00:00,22.38,48.3,0,191.7,0
2026-01-07 08:05:00,22.98,48.6,0,304.4,0
2026-01-07 08:10:00,23.03,51.0,0,198.2,0
2026-01-07 08:15:00,23.29,49.9,1,231.4,0
2026-01-07 08:20:00,22.29,50.1,0,246.4,0
2026-01-07 08:25:00,22.52,47.5,0,246.7,0
2026-01-07 08:30:00,22.89,47.9,0,235.6,0
2026-01-07 08:35:00,22.58,54.3,0,238.3,0
2026-01-07 08:40:00,22.09,49.8,0,239.4,0
2026-01-07 08:45:00,22.67,48.7,0,215.4,0
2026-01-07 08:50:00,22.71,53.3,0,315.8,0
2026-01-07 08:55:00,22.48,51.1,1,247.1,0
2026-01-07 09:00:00,22.5,51.8,0,274.0,0
2026-01-07 09:05:00,22.28,50.5,0,248.3,0
2026-01-07 09:10:00,22.94,50.3,0,249.9,0
2026-01-07 09:15:00,21.96,50.7,0,249.1,0
2026-01-07 09:20:00,32.05,48.4,0,218.4,1
2026-01-07 09:25:00,22.26,51.1,0,262.2,0
2026-01-07 09:30:00,22.57,51.9,0,256.8,0
2026-01-07 09:35:00,21.58,55.2,0,306.1,0
2026-01-07 09:40:00,21.62,51.7,0,237.0,0
2026-01-07 09:45:00,21.3,47.0,0,257.4,0
2026-01-07 09:50:00,22.09,51.6,0,249.6,0
2026-01-07 09:55:00,21.59,57.3,0,321.5,1
2026-01-07 10:00:00,21.85,53.7,0,253.8,0
2026-01-07 10:05:00,22.23,50.4,0,298.4,0
2026-01-07 10:10:00,21.67,53.3,1,312.2,0
2026-01-07 10:15:00,21.98,50.7,0,280.1,0
2026-01-07 10:20:00,21.73,49.5,1,244.6,0
2026-01-07 10:25:00,22.07,51.6,0,246.4,0
2026-01-07 10:30:00,21.96,52.6,0,314.4,0
2026-01-07 10:35:00,21.45,48.7,0,252.0,0
2026-01-07 10:40:00,21.62,50.2,0,302.7,0
2026-01-07 10:45:00,22.06,52.6,0,295.5,0
2026-01-07 10:50:00,21.76,51.8,0,304.4,0
2026-01-07 10:55:00,21.0,53.5,1,308.2,0
2026-01-07 11:00:00,21.78,50.3,0,266.9,0
2026-01-07 11:05:00,21.04,54.2,0,266.4,0
2026-01-07 11:10:00,22.0,50.4,0,317.9,0
2026-01-07 11:15:00,21.8,56.1,1,278.2,0
2026-01-07 11:20:00,21.46,49.4,0,215.2,0
2026-01-07 11:25:00,21.37,50.7,0,317.7,0
2026-01-07 11:30:00,21.18,53.8,1,267.6,0
2026-01-07 11:35:00,21.49,56.3,0,313.1,0
2026-01-07 11:40:00,21.03,53.6,0,341.2,0
2026-01-07 11:45:00,21.23,54.1,0,300.2,0
2026-01-07 11:50:00,21.44,53.0,0,329.7,0
2026-01-07 11:55:00,20.82,50.9,0,1051.3,1
2026-01-07 12:00:00,20.75,52.0,0,347.6,0
2026-01-07 12:05:00,20.48,50.6,0,268.1,0
2026-01-07 12:10:00,20.49,50.4,0,299.6,0
2026-01-07 12:15:00,20.14,53.8,0,319.9,0
2026-01-07 12:20:00,21.12,50.7,0,293.7,0
2026-01-07 12:25:00,21.51,53.6,1,333.7,0
2026-01-07 12:30:00,21.31,50.3,0,285.8,0
2026-01-07 12:35:00,20.05,53.5,0,360.3,0
2026-01-07 12:40:00,20.94,51.9,0,361.4,0
2026-01-07 12:45:00,21.18,55.7,0,305.6,0
2026-01-07 12:50:00,20.38,53.5,0,313.0,0
2026-01-07 12:55:00,20.57,55.2,0,331.5,1
2026-01-07 13:00:00,19.68,51.2,0,259.3,0
2026-01-07 13:05:00,20.55,52.8,0,254.6,0
2026-01-07 13:10:00,19.97,50.7,0,330.8,0
2026-01-07 13:15:00,20.44,51.7,0,300.3,0
2026-01-07 13:20:00,19.69,52.0,0,284.2,0
2026-01-07 13:25:00,20.49,51.0,0,290.1,0
2026-01-07 13:30:00,20.64,50.0,0,217.0,0
2026-01-07 13:35:00,19.88,49.5,0,281.6,0
2026-01-07 13:40:00,19.7,47.6,1,263.4,0
2026-01-07 13:45:00,19.25,50.1,0,312.1,0
2026-01-07 13:50:00,19.97,53.4,0,312.9,0
2026-01-07 13:55:00,19.81,48.8,0,298.8,0
2026-01-07 14:00:00,29.38,49.2,1,291.8,1
2026-01-07 14:05:00,20.14,55.4,0,233.3,0
2026-01-07 14:10:00,19.75,50.5,0,294.2,0
2026-01-07 14:15:00,19.46,52.3,0,1026.7,1
2026-01-07 14:20:00,19.63,52.8,0,310.2,0
2026-01-07 14:25:00,20.25,52.8,0,334.5,0
2026-01-07 14:30:00,20.02,48.3,0,218.2,0
2026-01-07 14:35:00,19.7,50.8,0,255.3,0
2026-01-07 14:40:00,19.96,47.9,0,242.6,0
2026-01-07 14:45:00,19.22,55.9,0,268.0,0
2026-01-07 14:50:00,19.66,47.7,0,261.0,0
2026-01-07 14:55:00,19.68,48.7,1,251.3,0
2026-01-07 15:00:00,19.4,48.6,0,286.9,0
2026-01-07 15:05:00,19.73,47.5,0,220.7,0
2026-01-07 15:10:00,19.21,53.1,1,220.1,0
2026-01-07 15:15:00,19.7,55.1,0,218.2,0
2026-01-07 15:20:00,19.69,49.2,0,235.6,0
2026-01-07 15:25:00,18.27,47.4,0,207.0,0
2026-01-07 15:30:00,19.89,45.4,0,239.9,0
2026-01-07 15:35:00,18.17,49.2,0,233.7,0
2026-01-07 15:40:00,19.12,49.0,0,1046.3,1
2026-01-07 15:45:00,19.75,48.1,0,259.5,0
2026-01-07 15:50:00,19.19,49.7,1,228.8,0
2026-01-07 15:55:00,18.7,49.9,0,259.7,0
2026-01-07 16:00:00,18.83,49.6,0,219.1,0
2026-01-07 16:05:00,29.66,48.2,1,221.4,1
2026-01-07 16:10:00,18.46,46.5,0,202.4,0
2026-01-07 16:15:00,19.66,49.9,0,216.1,0
2026-01-07 16:20:00,19.17,94.7,0,234.8,1
2026-01-07 16:25:00,18.69,50.0,0,198.1,0
2026-01-07 16:30:00,18.92,49.6,0,223.0,0
2026-01-07 16:35:00,18.73,45.1,0,180.0,0
2026-01-07 16:40:00,19.47,44.9,0,224.1,0
2026-01-07 16:45:00,19.4,46.1,0,180.8,0
2026-01-07 16:50:00,18.4,45.3,0,220.7,0
2026-01-07 16:55:00,18.92,48.7,0,193.8,0
2026-01-07 17:00:00,18.72,47.8,0,234.5,1
2026-01-07 17:05:00,19.57,49.1,1,151.0,0
2026-01-07 17:10:00,18.51,47.5,0,138.2,0
2026-01-07 17:15:00,19.68,47.0,0,160.8,0
2026-01-07 17:20:00,19.02,48.8,0,134.5,0
2026-01-07 17:25:00,18.56,47.2,0,131.3,0
2026-01-07 17:30:00,18.75,46.2,0,188.2,0
2026-01-07 17:35:00,18.69,48.8,1,166.2,0
2026-01-07 17:40:00,18.5,45.9,0,148.7,0
2026-01-07 17:45:00,19.04,44.9,0,148.2,0
2026-01-07 17:50:00,18.51,43.7,0,138.6,0
2026-01-07 17:55:00,18.13,46.6,0,202.8,0
2026-01-07 18:00:00,18.85,47.5,0,127.9,0
2026-01-07 18:05:00,18.28,44.7,0,107.1,0
2026-01-07 18:10:00,18.7,47.3,0,167.3,0
2026-01-07 18:15:00,18.64,40.5,1,133.7,0
2026-01-07 18:20:00,18.66,44.2,0,198.1,0
2026-01-07 18:25:00,19.81,44.0,0,117.9,0
2026-01-07 18:30:00,19.04,42.5,0,155.8,0
2026-01-07 18:35:00,19.12,48.6,0,159.6,0
2026-01-07 18:40:00,18.32,43.5,0,108.3,0
2026-01-07 18:45:00,18.78,42.6,1,98.4,0
2026-01-07 18:50:00,19.13,43.3,0,139.8,0
2026-01-07 18:55:00,18.65,39.1,0,131.6,0
2026-01-07 19:00:00,19.43,41.4,0,68.9,0
2026-01-07 19:05:00,18.6,44.7,0,74.2,0
2026-01-07 19:10:00,18.98,41.3,0,28.8,0
2026-01-07 19:15:00,18.87,40.8,0,1177.7,1
2026-01-07 19:20:00,19.19,44.9,1,90.8,0
2026-01-07 19:25:00,18.88,44.8,1,90.8,0
2026-01-07 19:30:00,19.04,43.0,0,41.9,0
2026-01-07 19:35:00,19.07,40.9,0,56.6,0
2026-01-07 19:40:00,18.89,41.1,0,72.3,0
2026-01-07 19:45:00,19.4,39.9,0,63.5,0
2026-01-07 19:50:00,19.32,39.3,0,84.3,0
2026-01-07 19:55:00,19.21,39.1,0,95.4,0
2026-01-07 20:00:00,19.1,39.8,0,143.1,0
2026-01-07 20:05:00,19.61,38.8,0,71.6,0
2026-01-07 20:10:00,19.22,37.6,0,102.9,0
2026-01-07 20:15:00,19.21,41.0,0,41.8,0
2026-01-07 20:20:00,19.4,94.2,0,13.7,1
2026-01-07 20:25:00,20.07,43.7,0,50.7,0
2026-01-07 20:30:00,18.88,38.8,0,10.8,0
2026-01-07 20:35:00,19.75,40.6,0,56.6,0
2026-01-07 20:40:00,18.71,40.5,0,30.2,0
2026-01-07 20:45:00,19.58,39.2,1,0.0,0
2026-01-07 20:50:00,20.16,41.1,1,100.7,0
2026-01-07 20:55:00,19.75,41.0,0,30.1,0
2026-01-07 21:00:00,19.65,40.0,0,0.0,0
2026-01-07 21:05:00,19.39,38.7,0,68.6,0
2026-01-07 21:10:00,19.66,38.4,0,17.5,0
2026-01-07 21:15:00,19.58,36.2,0,69.9,0
2026-01-07 21:20:00,19.4,37.3,1,13.1,0
2026-01-07 21:25:00,19.63,37.5,0,16.8,0
2026-01-07 21:30:00,19.86,36.4,0,41.3,0
2026-01-07 21:35:00,19.51,39.4,1,46.8,0
2026-01-07 21:40:00,19.53,40.8,0,50.2,0
2026-01-07 21:45:00,19.34,36.5,1,22.6,0
2026-01-07 21:50:00,20.08,38.8,1,39.3,0
2026-01-07 21:55:00,20.18,36.1,0,44.1,0
2026-01-07 22:00:00,20.09,37.5,0,26.1,0
2026-01-07 22:05:00,20.42,36.6,0,14.2,0
2026-01-07 22:10:00,20.11,39.1,0,0.0,0
2026-01-07 22:15:00,20.27,36.5,0,33.4,0
2026-01-07 22:20:00,20.28,39.8,1,15.3,0
2026-01-07 22:25:00,20.16,37.2,1,0.3,0
2026-01-07 22:30:00,20.02,36.3,0,49.8,0
2026-01-07 22:35:00,21.16,35.0,0,0.0,0
